0.2676,  8.6764,  0.2674, -14.6990
0.3359, -22.6722,  0.3366,  23.1197
0.3477, -21.2935,  0.3470,  22.6754
0.5957, -13.2421,  0.5965,  10.5914
0.6133, -4.1639,  0.6129,  11.0661
0.2676,  9.9721,  0.2673, -15.3336
0.3359, -22.6722,  0.3366,  23.5081
0.3477, -21.9822,  0.3470,  22.4098
0.5957, -9.3227,  0.5965,  10.7260
0.6133, -6.7383,  0.6129,  10.3460
0.2676,  7.3834,  0.2675, -15.1225
0.3359, -22.6742,  0.3366,  23.2296
0.3477, -19.9255,  0.3470,  23.1040
0.5957, -13.8988,  0.5965,  10.6559
0.6133, -15.2216,  0.6129,  10.7669
0.2676,  19.9235,  0.2674, -14.1985
0.3359, -21.9822,  0.3366,  23.0604
0.3477, -21.2914,  0.3470,  22.9441
0.5957, -14.5592,  0.5965,  10.6534
0.6133, -13.9007,  0.6129,  10.5637
0.2676,  17.2219,  0.2674, -14.2957
0.3359, -23.3678,  0.3365,  22.9328
0.3477, -24.7722,  0.3470,  23.1973
0.5957, -14.5592,  0.5965,  10.8264
0.6133, -11.2767,  0.6129,  10.4463
0.2676,  12.5853,  0.2675, -14.4537
0.3359, -21.9822,  0.3366,  23.4741
0.3477, -24.7701,  0.3470,  22.4575
0.5957, -13.9007,  0.5965,  10.0752
0.6133, -12.5834,  0.6129,  10.7285
0.2676,  18.5693,  0.2674, -15.5602
0.3359, -21.9822,  0.3365,  23.2776
0.3477, -26.9040,  0.3471,  22.4870
0.5957, -13.2421,  0.5965,  10.4463
0.6133, -13.9007,  0.6129,  11.0212
0.2676,  18.5693,  0.2676, -14.4537
0.3359, -19.9255,  0.3365,  22.5503
0.3477, -24.0670,  0.3470,  22.9877
0.5957, -15.2216,  0.5965,  10.2226
0.6133, -14.5592,  0.6129,  10.9440
0.2676,  17.8934,  0.2673, -15.9134
0.3359, -21.9822,  0.3366,  23.4811
0.3477, -21.2935,  0.3470,  22.7119
0.5957, -13.2402,  0.5965,  10.0092
0.6133, -14.5611,  0.6129,  10.1949
0.2676,  15.2236,  0.2674, -13.9365
0.3359, -21.9802,  0.3366,  23.3850
0.3477, -23.3678,  0.3470,  22.6389
0.5957, -15.8861,  0.5965,  10.6943
0.6133, -15.2216,  0.6129,  10.6983
0.2676,  9.9721,  0.2674, -14.3478
0.3359, -26.1884,  0.3366,  23.4671
0.3477, -21.2935,  0.3470,  22.2464
0.5957, -13.8988,  0.5965,  10.7538
0.6133, -13.8298,  0.6129,  10.9334
0.2676,  11.2767,  0.2674, -14.5018
0.3359, -26.9040,  0.3365,  23.1633
0.3477, -24.0691,  0.3470,  22.8301
0.5957, -13.9007,  0.5965,  10.5083
0.6133, -14.5592,  0.6129,  10.5213
0.2676,  13.2402,  0.2675, -15.2247
0.3359, -23.3678,  0.3366,  23.4557
0.3477, -22.6742,  0.3470,  22.8371
0.5957, -7.3834,  0.5965,  10.8436
0.6133, -13.9007,  0.6129,  10.6983
0.2676,  13.8988,  0.2675, -15.2837
0.3359, -17.8953,  0.3365,  22.5825
0.3477, -21.2914,  0.3470,  22.6936
0.5957, -13.9007,  0.5965,  10.5491
0.6133, -17.2219,  0.6129,  11.1560
0.2676,  15.2236,  0.2674, -15.2986
0.3359, -21.9822,  0.3365,  22.8780
0.3477, -25.4772,  0.3470,  21.8476
0.5957, -12.5853,  0.5965,  10.6600
0.6133, -13.9007,  0.6129,  10.8991
0.2676,  3.5241,  0.2674, -14.8424
0.3359, -23.3678,  0.3365,  23.3229
0.3477, -22.6742,  0.3470,  22.5460
0.5957, -8.0294,  0.5965,  10.7285
0.6133, -4.8060,  0.6129,  10.6983
0.2676,  13.2421,  0.2675, -15.0835
0.3359, -23.3698,  0.3365,  23.3780
0.3477, -24.7722,  0.3471,  22.9554
0.5957, -9.9721,  0.5965,  10.5914
0.6133, -12.9945,  0.6129,  10.8158
0.2676,  13.2421,  0.2675, -14.2742
0.3359, -22.6722,  0.3366,  23.3963
0.3477, -23.3698,  0.3470,  22.3053
0.5957, -9.3246,  0.5965,  10.6086
0.6133, -13.8988,  0.6129,  10.5914
0.2676,  12.5834,  0.2674, -14.9424
0.3359, -24.7701,  0.3366,  22.7189
0.3477, -21.2935,  0.3470,  23.0491
0.5957, -9.9740,  0.5965,  10.3868
0.6133, -11.2767,  0.6129,  10.8607
0.2676,  10.6227,  0.2675, -15.3685
0.3359, -23.3678,  0.3366,  23.4304
0.3477, -21.9822,  0.3470,  23.7353
0.5957, -9.3227,  0.5965,  10.9293
0.6133, -6.0922,  0.6129,  10.7391
0.2676,  14.5592,  0.2675, -14.0059
0.3359, -23.3698,  0.3367,  22.8597
0.3477, -32.8142,  0.3470,  23.0195
0.5957, -13.2421,  0.5965,  10.5042
0.6133, -13.2421,  0.6129,  11.0106
0.2676,  17.8934,  0.2674, -14.7902
0.3359, -21.9822,  0.3366,  22.4870
0.3477, -26.1884,  0.3470,  22.2438
0.5957, -13.9007,  0.5965,  10.4317
0.6133, -13.2421,  0.6129,  11.0384
0.2676,  8.0294,  0.2675, -14.6990
0.3359, -22.6722,  0.3366,  23.4374
0.3477, -24.7701,  0.3470,  23.1083
0.5957, -13.9007,  0.5965,  10.4211
0.6133, -7.3834,  0.6129,  10.3420
0.2676,  23.3678,  0.2675, -15.0727
0.3359, -21.2914,  0.3366,  23.3369
0.3477, -19.9255,  0.3470,  22.7371
0.5957, -6.7383,  0.5965,  10.5939
0.6133, -11.2767,  0.6129,  10.5385
0.2676,  17.2239,  0.2674, -14.5341
0.3359, -24.7722,  0.3366,  23.0787
0.3477, -22.6722,  0.3470,  22.5208
0.5957, -13.8988,  0.5965,  10.9016
0.6133, -14.5611,  0.6129,  10.8461
0.2676,  15.8861,  0.2675, -15.4291
0.3359, -23.3678,  0.3366,  23.4007
0.3477, -25.4772,  0.3470,  22.2031
0.5957, -13.2421,  0.5965,  10.5637
0.6133, -2.8829,  0.6129,  10.9975
0.2676,  14.5592,  0.2674, -14.6467
0.3359, -22.6722,  0.3366,  22.8850
0.3477, -21.2935,  0.3469,  22.3209
0.5957, -8.0275,  0.5965,  10.5531
0.6133, -13.8988,  0.6129,  10.5808
0.2676,  12.5853,  0.2676, -14.9424
0.3359, -24.0670,  0.3365,  23.9438
0.3477, -22.6722,  0.3470,  22.3552
0.5957, -13.2421,  0.5965,  10.7391
0.6133, -14.5592,  0.6129,  11.0212
0.2676,  17.8934,  0.2675, -14.5622
0.3359, -26.9040,  0.3366,  22.5938
0.3477, -21.2935,  0.3470,  22.9398
0.5957, -13.8988,  0.5965,  10.3485
0.6133, -14.5592,  0.6129,  10.2972
0.2676,  13.8988,  0.2675, -14.5730
0.3359, -23.3698,  0.3365,  23.1153
0.3477, -24.0670,  0.3470,  21.7708
0.5957, -15.2236,  0.5965,  10.2267
0.6133, -13.9007,  0.6129,  10.6086
0.2676,  18.5693,  0.2675, -15.1682
0.3359, -23.3678,  0.3366,  22.7414
0.3477, -20.6080,  0.3470,  22.1667
0.5957, -11.9302,  0.5965,  10.3909
0.6133, -12.5834,  0.6129,  10.4039
0.2676,  10.6246,  0.2674, -14.7379
0.3359, -21.2935,  0.3365,  23.1676
0.3477, -21.2935,  0.3470,  22.2914
0.5957, -13.8988,  0.5965,  10.2096
0.6133, -15.2236,  0.6129,  10.4871
0.2676,  15.8881,  0.2674, -14.7164
0.3359, -23.3698,  0.3366,  23.2113
0.3477, -24.0691,  0.3470,  22.3803
0.5957, -6.7383,  0.5965,  10.7709
0.6133, -12.5853,  0.6129,  10.4634
0.2676,  13.9007,  0.2675, -15.1050
0.3359, -23.3698,  0.3366,  23.1633
0.3477, -24.0691,  0.3470,  22.1555
0.5957, -9.3227,  0.5965,  10.5360
0.6133, -9.3246,  0.6129,  10.7432
0.2676,  15.2236,  0.2675, -14.9814
0.3359, -19.9255,  0.3366,  22.8145
0.3477, -23.3678,  0.3470,  23.2296
0.5957, -12.7313,  0.5965,  11.2156
0.6133, -15.2216,  0.6129,  10.9440
0.2676,  15.8861,  0.2674, -14.3064
0.3359, -26.1884,  0.3366,  22.9990
0.3477, -24.0670,  0.3471,  21.9176
0.5957, -15.2216,  0.5965,  10.7089
0.6133, -15.2216,  0.6129,  10.6045
0.2676,  14.6861,  0.2675, -14.2957
0.3359, -23.3698,  0.3366,  23.4487
0.3477, -32.0534,  0.3470,  21.5271
0.5957, -14.5592,  0.5965,  10.6706
0.6133, -6.0922,  0.6129,  10.7538
0.2676,  14.5611,  0.2675, -14.7686
0.3359, -21.9822,  0.3365,  23.3073
0.3477, -24.1594,  0.3470,  22.3777
0.5957, -13.8988,  0.5965,  10.2972
0.6133, -13.2421,  0.6129,  10.9697
0.2676,  15.2216,  0.2674, -14.3197
0.3359, -26.1884,  0.3365,  23.3229
0.3477, -28.3492,  0.3470,  22.1988
0.5957, -11.9754,  0.5965,  10.3591
0.6133, -15.2216,  0.6129,  10.5188
0.2676,  17.2239,  0.2674, -15.1333
0.3359, -21.9802,  0.3366,  22.5390
0.3477, -24.8560,  0.3471,  22.1667
0.5957, -15.8861,  0.5965,  10.4317
0.6133, -13.8988,  0.6129,  10.6257
0.2676,  16.5548,  0.2674, -13.9712
0.3359, -27.6242,  0.3366,  22.8597
0.3477, -19.2460,  0.3469,  23.1633
0.5957, -13.8988,  0.5965,  10.8012
0.6133, -13.2806,  0.6129,  10.7432
0.2676,  17.8953,  0.2674, -14.3760
0.3359, -24.1312,  0.3366,  22.6598
0.3477, -24.2713,  0.3470,  22.4211
0.5957, -13.9007,  0.5965,  10.2201
0.6133, -0.9612,  0.6129,  10.8501
0.2676,  12.5853,  0.2675, -15.8392
0.3359, -24.7722,  0.3366,  22.6711
0.3477, -26.9062,  0.3470,  21.8434
0.5957, -14.5592,  0.5965,  10.4594
0.6133, -15.2236,  0.6129,  10.7840
0.2676,  4.1639,  0.2675, -14.2783
0.3359, -19.2460,  0.3365,  22.6389
0.3477, -24.0670,  0.3470,  22.8118
0.5957, -13.2421,  0.5965,  10.3289
0.6133, -2.2421,  0.6129,  11.2606
0.2676,  12.5834,  0.2675, -15.8609
0.3359, -20.6080,  0.3365,  22.4731
0.3477, -23.2238,  0.3470,  22.3439
0.5957, -13.2402,  0.5965,  10.0435
0.6133, -13.2421,  0.6129,  10.7946
0.2676,  14.5611,  0.2674, -14.3545
0.3359, -24.0670,  0.3366,  22.7484
0.3477, -24.0670,  0.3470,  21.8589
0.5957, -7.3834,  0.5965,  10.5939
0.6133, -12.5834,  0.6129,  10.9697
0.2676,  17.2219,  0.2674, -15.2704
0.3359, -22.6742,  0.3366,  22.2213
0.3477, -21.9822,  0.3470,  22.9737
0.5957, -13.2421,  0.5965,  10.4357
0.6133, -12.5074,  0.6129,  10.5213
0.2676,  11.2767,  0.2675, -14.1530
0.3359, -24.0670,  0.3366,  22.9372
0.3477, -23.3698,  0.3469,  22.9737
0.5957, -11.9302,  0.5965,  10.5637
0.6133, -13.2421,  0.6129,  10.7114
0.3359, -26.9062,  0.3366,  23.1310
0.3477, -21.2914,  0.3470,  23.0970
0.5957, -15.8881,  0.5965,  10.4357
0.6133, -4.1658,  0.6129,  10.5914
0.6172, -14.5592,  0.6172,  9.5256
0.2676,  17.8934,  0.2674, -15.0163
0.3359, -24.0670,  0.3366,  24.1028
0.3477, -23.3698,  0.3471,  22.4731
0.5957, -8.0275,  0.5965,  10.3591
0.6133, -15.8861,  0.6129,  10.6983
