4.0000 ,15.4544 ,0.2546 ,11.4471 ,4.8079 ,3.0671 ,15.1470 ,
4.0000 ,15.4537 ,0.2571 ,11.0000 ,4.1639 ,2.9487 ,15.1698 ,
4.0000 ,15.4536 ,0.2648 ,11.6079 ,0.9612 ,3.1094 ,15.1375 ,
4.0000 ,15.4531 ,0.2623 ,11.8412 ,2.2402 ,3.1710 ,15.1243 ,
4.0000 ,15.4531 ,0.2630 ,11.2181 ,12.5834 ,3.0063 ,15.1578 ,
4.0000 ,15.4529 ,0.2798 ,11.5092 ,5.4488 ,3.0832 ,15.1421 ,
4.0000 ,15.4527 ,0.2502 ,11.4021 ,-0.3192 ,3.0549 ,15.1478 ,
4.0000 ,15.4522 ,0.2726 ,11.9764 ,2.2421 ,3.2065 ,15.1159 ,
4.0000 ,15.4522 ,0.2588 ,11.4511 ,1.6016 ,3.0678 ,15.1446 ,
4.0000 ,15.4517 ,0.2603 ,12.3459 ,0.3210 ,3.3038 ,15.0943 ,
3.0000 ,14.7624 ,1.0000 ,2.0394 ,2.8829 ,0.5253 ,14.7530 ,
3.0000 ,14.7623 ,1.0000 ,2.2705 ,1.5997 ,0.5848 ,14.7507 ,
3.0000 ,14.7623 ,1.0000 ,2.1341 ,3.5222 ,0.5497 ,14.7520 ,
3.0000 ,14.7622 ,1.0000 ,1.9576 ,4.1639 ,0.5043 ,14.7535 ,
3.0000 ,14.7621 ,1.0000 ,2.0523 ,3.5222 ,0.5286 ,14.7526 ,
3.0000 ,14.7621 ,1.0000 ,2.0186 ,2.2421 ,0.5200 ,14.7529 ,
3.0000 ,14.7620 ,1.0000 ,2.1405 ,3.5222 ,0.5514 ,14.7517 ,
3.0000 ,14.7619 ,1.0000 ,1.9511 ,3.5222 ,0.5026 ,14.7534 ,
3.0000 ,14.7618 ,1.0000 ,2.2705 ,3.5222 ,0.5848 ,14.7503 ,
3.0000 ,14.7618 ,1.0000 ,1.9705 ,2.2421 ,0.5076 ,14.7531 ,
2.0000 ,8.7103 ,0.7346 ,-7.3020 ,-6.7383 ,-1.1071 ,8.6397 ,
2.0000 ,8.7102 ,0.7307 ,-7.0798 ,-8.0275 ,-1.0735 ,8.6438 ,
2.0000 ,8.7099 ,0.7476 ,-7.0124 ,-6.7383 ,-1.0633 ,8.6447 ,
2.0000 ,8.7098 ,0.7460 ,-6.9994 ,-6.7383 ,-1.0614 ,8.6449 ,
2.0000 ,8.7098 ,0.7394 ,-7.1582 ,-6.0941 ,-1.0853 ,8.6419 ,
2.0000 ,8.7091 ,0.7366 ,-7.2535 ,-6.7383 ,-1.0996 ,8.6394 ,
2.0000 ,8.7089 ,0.7465 ,-7.2236 ,-8.0275 ,-1.0951 ,8.6397 ,
2.0000 ,8.7086 ,0.7553 ,-7.2066 ,-7.3815 ,-1.0925 ,8.6398 ,
2.0000 ,8.7085 ,0.7219 ,-7.0653 ,-6.0941 ,-1.0711 ,8.6424 ,
2.0000 ,8.7083 ,0.7289 ,-7.1791 ,-6.0941 ,-1.0883 ,8.6400 ,
1.0000 ,8.5325 ,0.4315 ,-8.1706 ,-6.7383 ,-1.2126 ,8.4459 ,
1.0000 ,8.5314 ,0.4366 ,-8.2597 ,-6.7383 ,-1.2256 ,8.4429 ,
1.0000 ,8.5309 ,0.4324 ,-7.7213 ,-6.7383 ,-1.1462 ,8.4535 ,
1.0000 ,8.5301 ,0.4499 ,-8.1876 ,-8.0275 ,-1.2148 ,8.4432 ,
1.0000 ,8.5299 ,0.4436 ,-8.5672 ,-6.7383 ,-1.2707 ,8.4348 ,
1.0000 ,8.5298 ,0.4491 ,-8.2151 ,-6.0941 ,-1.2188 ,8.4423 ,
1.0000 ,8.5290 ,0.4345 ,-8.2872 ,-6.7383 ,-1.2293 ,8.4399 ,
1.0000 ,8.5289 ,0.4360 ,-8.2742 ,-8.6745 ,-1.2274 ,8.4401 ,
1.0000 ,8.5289 ,0.4401 ,-8.4295 ,-6.7383 ,-1.2503 ,8.4368 ,
1.0000 ,8.5283 ,0.4417 ,-8.8771 ,-6.7383 ,-1.3160 ,8.4261 ,
0.0000 ,0.9714 ,0.2733 ,15.5340 ,15.8861 ,0.2602 ,0.9359 ,
0.0000 ,0.9711 ,0.2715 ,15.5602 ,15.8861 ,0.2605 ,0.9355 ,
0.0000 ,0.9710 ,0.2674 ,15.3968 ,14.5611 ,0.2578 ,0.9361 ,
0.0000 ,0.9709 ,0.2772 ,15.5057 ,13.9007 ,0.2596 ,0.9356 ,
0.0000 ,0.9709 ,0.2743 ,15.4708 ,15.2236 ,0.2590 ,0.9357 ,
0.0000 ,0.9703 ,0.2806 ,15.2205 ,15.8861 ,0.2547 ,0.9363 ,
0.0000 ,0.9702 ,0.2800 ,15.5710 ,16.5529 ,0.2604 ,0.9346 ,
0.0000 ,0.9702 ,0.2769 ,15.7017 ,15.2236 ,0.2626 ,0.9340 ,
0.0000 ,0.9701 ,0.2821 ,15.4466 ,15.8861 ,0.2584 ,0.9351 ,
0.0000 ,0.0000 ,0.0000 ,0.0000 ,0.0000 ,0.2542 ,0.9357 ,
0.0000 ,0.0000 ,0.0000 ,0.0000 ,0.0000 ,12.9718 ,25.9436 ,
0.0000 ,0.0000 ,0.0000 ,0.0000 ,0.0000 ,-12.9718 ,25.9436 ,

4.0000 ,15.4545 ,0.2476 ,10.6983 ,15.2216 ,2.8689 ,15.1859 ,
4.0000 ,15.4539 ,0.2599 ,11.2631 ,3.5241 ,3.0184 ,15.1563 ,
4.0000 ,15.4537 ,0.2660 ,11.7364 ,-1.5997 ,3.1434 ,15.1306 ,
4.0000 ,15.4534 ,0.2689 ,12.1395 ,3.5241 ,3.2497 ,15.1079 ,
4.0000 ,15.4531 ,0.2557 ,11.1707 ,4.1639 ,2.9938 ,15.1603 ,
4.0000 ,15.4530 ,0.2653 ,11.8437 ,4.8060 ,3.1716 ,15.1240 ,
4.0000 ,15.4526 ,0.2558 ,12.0600 ,13.9007 ,3.2286 ,15.1115 ,
4.0000 ,15.4523 ,0.2522 ,11.8690 ,10.6227 ,3.1782 ,15.1219 ,
4.0000 ,15.4521 ,0.2483 ,13.0819 ,14.5611 ,3.4975 ,15.0511 ,
4.0000 ,15.4519 ,0.2518 ,11.3783 ,7.3815 ,3.0485 ,15.1482 ,
3.0000 ,14.7623 ,1.0000 ,2.1614 ,3.5222 ,0.5567 ,14.7518 ,
3.0000 ,14.7623 ,1.0000 ,2.1132 ,2.2421 ,0.5444 ,14.7522 ,
3.0000 ,14.7622 ,1.0000 ,1.8336 ,2.8811 ,0.4724 ,14.7546 ,
3.0000 ,14.7621 ,1.0000 ,2.2055 ,3.5222 ,0.5681 ,14.7512 ,
3.0000 ,14.7621 ,1.0000 ,2.0250 ,1.8526 ,0.5216 ,14.7529 ,
3.0000 ,14.7621 ,1.0000 ,2.0731 ,2.2421 ,0.5340 ,14.7524 ,
3.0000 ,14.7620 ,1.0000 ,2.3210 ,0.3210 ,0.5978 ,14.7499 ,
3.0000 ,14.7620 ,1.0000 ,2.2288 ,3.5222 ,0.5741 ,14.7508 ,
3.0000 ,14.7619 ,1.0000 ,1.8906 ,2.8811 ,0.4870 ,14.7539 ,
3.0000 ,14.7619 ,1.0000 ,1.9472 ,2.2421 ,0.5016 ,14.7534 ,
2.0000 ,8.7098 ,0.7538 ,-7.2810 ,-8.6745 ,-1.1038 ,8.6396 ,
2.0000 ,8.7094 ,0.7271 ,-7.1032 ,-7.3815 ,-1.0770 ,8.6425 ,
2.0000 ,8.7092 ,0.7407 ,-7.0758 ,-6.7383 ,-1.0728 ,8.6429 ,
2.0000 ,8.7090 ,0.7551 ,-7.1646 ,-6.0941 ,-1.0862 ,8.6410 ,
2.0000 ,8.7087 ,0.7348 ,-6.9405 ,-7.3815 ,-1.0523 ,8.6449 ,
2.0000 ,8.7086 ,0.7331 ,-6.9574 ,-6.0941 ,-1.0549 ,8.6445 ,
2.0000 ,8.7086 ,0.7358 ,-7.2575 ,-6.7383 ,-1.1002 ,8.6388 ,
2.0000 ,8.7086 ,0.7376 ,-7.0293 ,-6.7383 ,-1.0657 ,8.6431 ,
2.0000 ,8.7085 ,0.7339 ,-7.3505 ,-8.6745 ,-1.1141 ,8.6369 ,
2.0000 ,8.7080 ,0.7205 ,-6.8112 ,-7.3815 ,-1.0328 ,8.6465 ,
1.0000 ,8.5319 ,0.4432 ,-8.2492 ,-8.6745 ,-1.2241 ,8.4437 ,
1.0000 ,8.5316 ,0.4526 ,-7.9034 ,-8.0275 ,-1.1731 ,8.4505 ,
1.0000 ,8.5294 ,0.4382 ,-8.7627 ,-7.3834 ,-1.2994 ,8.4299 ,
1.0000 ,8.5293 ,0.4403 ,-8.5883 ,-6.7383 ,-1.2737 ,8.4336 ,
1.0000 ,8.5280 ,0.4510 ,-8.3849 ,-7.3834 ,-1.2436 ,8.4369 ,
1.0000 ,8.5279 ,0.4490 ,-8.2467 ,-8.6745 ,-1.2232 ,8.4397 ,
1.0000 ,8.5279 ,0.4523 ,-7.8378 ,-8.0275 ,-1.1629 ,8.4482 ,
1.0000 ,8.5275 ,0.4495 ,-8.0159 ,-8.0275 ,-1.1891 ,8.4442 ,
1.0000 ,8.5269 ,0.4513 ,-8.7457 ,-8.1116 ,-1.2965 ,8.4278 ,
1.0000 ,8.5261 ,0.4461 ,-8.7773 ,-6.7383 ,-1.3010 ,8.4262 ,
0.0000 ,0.9712 ,0.2698 ,15.9943 ,15.2236 ,0.2676 ,0.9336 ,
0.0000 ,0.9707 ,0.2787 ,15.5752 ,15.8861 ,0.2606 ,0.9350 ,
0.0000 ,0.9707 ,0.2729 ,15.4142 ,13.9007 ,0.2580 ,0.9357 ,
0.0000 ,0.9701 ,0.2734 ,15.6101 ,13.9007 ,0.2611 ,0.9343 ,
0.0000 ,0.9698 ,0.2751 ,15.8150 ,15.2216 ,0.2643 ,0.9331 ,
0.0000 ,0.9696 ,0.2740 ,15.6318 ,14.5611 ,0.2613 ,0.9338 ,
0.0000 ,0.9696 ,0.2729 ,16.0268 ,13.9007 ,0.2677 ,0.9319 ,
0.0000 ,0.9696 ,0.2753 ,16.0969 ,15.8861 ,0.2688 ,0.9316 ,
0.0000 ,0.9693 ,0.2826 ,15.7826 ,15.2236 ,0.2636 ,0.9328 ,
0.0000 ,0.0000 ,0.0000 ,0.0000 ,0.0000 ,0.2602 ,0.9335 ,
0.0000 ,0.0000 ,0.0000 ,0.0000 ,0.0000 ,12.9718 ,25.9436 ,
0.0000 ,0.0000 ,0.0000 ,0.0000 ,0.0000 ,-12.9718 ,25.9436 ,

4.0000 ,15.4559 ,0.2662 ,11.0490 ,2.6300 ,2.9621 ,15.1694 ,
4.0000 ,15.4551 ,0.2604 ,12.2257 ,4.8060 ,3.2728 ,15.1046 ,
4.0000 ,15.4544 ,0.2506 ,11.9551 ,15.8861 ,3.2013 ,15.1192 ,
4.0000 ,15.4543 ,0.2463 ,12.3804 ,9.3227 ,3.3134 ,15.0949 ,
4.0000 ,15.4542 ,0.2612 ,10.9551 ,4.8079 ,2.9369 ,15.1726 ,
4.0000 ,15.4535 ,0.2663 ,10.9803 ,-0.3192 ,2.9435 ,15.1706 ,
4.0000 ,15.4532 ,0.2496 ,11.9895 ,15.8861 ,3.2101 ,15.1161 ,
4.0000 ,15.4532 ,0.2587 ,12.0772 ,13.8988 ,3.2333 ,15.1112 ,
4.0000 ,15.4531 ,0.2622 ,11.3121 ,3.5241 ,3.0312 ,15.1529 ,
4.0000 ,15.4529 ,0.2584 ,12.1354 ,16.5529 ,3.2486 ,15.1075 ,
3.0000 ,14.7626 ,1.0000 ,2.0394 ,1.6016 ,0.5254 ,14.7533 ,
3.0000 ,14.7621 ,1.0000 ,2.0731 ,2.2421 ,0.5340 ,14.7524 ,
3.0000 ,14.7621 ,1.0000 ,2.0250 ,1.6016 ,0.5216 ,14.7529 ,
3.0000 ,14.7620 ,1.0000 ,2.1004 ,1.6016 ,0.5410 ,14.7521 ,
3.0000 ,14.7620 ,1.0000 ,2.2055 ,2.2421 ,0.5681 ,14.7511 ,
3.0000 ,14.7620 ,1.0000 ,2.1172 ,3.5222 ,0.5454 ,14.7519 ,
3.0000 ,14.7620 ,1.0000 ,2.2328 ,2.2421 ,0.5751 ,14.7508 ,
3.0000 ,14.7619 ,1.0000 ,2.1004 ,1.6016 ,0.5410 ,14.7520 ,
3.0000 ,14.7618 ,1.0000 ,2.0835 ,2.8811 ,0.5367 ,14.7520 ,
3.0000 ,14.7618 ,1.0000 ,1.9511 ,2.8811 ,0.5026 ,14.7532 ,
2.0000 ,8.7093 ,0.7362 ,-7.4669 ,-6.0941 ,-1.1318 ,8.6354 ,
2.0000 ,8.7092 ,0.7181 ,-7.0293 ,-7.3815 ,-1.0658 ,8.6437 ,
2.0000 ,8.7090 ,0.7380 ,-7.0268 ,-6.7383 ,-1.0654 ,8.6436 ,
2.0000 ,8.7090 ,0.7387 ,-7.3255 ,-8.0275 ,-1.1104 ,8.6379 ,
2.0000 ,8.7089 ,0.7312 ,-7.1646 ,-8.0275 ,-1.0862 ,8.6409 ,
2.0000 ,8.7088 ,0.7333 ,-7.4014 ,-6.0941 ,-1.1219 ,8.6363 ,
2.0000 ,8.7087 ,0.7518 ,-7.3974 ,-7.9164 ,-1.1213 ,8.6362 ,
2.0000 ,8.7086 ,0.7320 ,-6.8896 ,-6.7364 ,-1.0447 ,8.6457 ,
2.0000 ,8.7086 ,0.7331 ,-6.7903 ,-6.0941 ,-1.0297 ,8.6475 ,
2.0000 ,8.7085 ,0.7358 ,-7.2575 ,-8.0275 ,-1.1001 ,8.6387 ,
1.0000 ,8.5419 ,0.4355 ,-9.0260 ,-7.3834 ,-1.3401 ,8.4361 ,
1.0000 ,8.5339 ,0.4393 ,-8.1366 ,-8.6745 ,-1.2078 ,8.4480 ,
1.0000 ,8.5325 ,0.4395 ,-8.4505 ,-6.7383 ,-1.2539 ,8.4399 ,
1.0000 ,8.5317 ,0.4429 ,-8.6564 ,-6.0941 ,-1.2841 ,8.4345 ,
1.0000 ,8.5314 ,0.4435 ,-8.5778 ,-6.7383 ,-1.2725 ,8.4360 ,
1.0000 ,8.5308 ,0.4366 ,-8.7011 ,-8.0275 ,-1.2905 ,8.4327 ,
1.0000 ,8.5291 ,0.4430 ,-8.0750 ,-7.3815 ,-1.1981 ,8.4445 ,
1.0000 ,8.5288 ,0.4482 ,-8.3994 ,-6.7364 ,-1.2458 ,8.4374 ,
1.0000 ,8.5281 ,0.4480 ,-8.4335 ,-8.0275 ,-1.2507 ,8.4359 ,
1.0000 ,8.5280 ,0.4480 ,-8.8073 ,-7.3834 ,-1.3057 ,8.4274 ,
0.0000 ,0.9707 ,0.2661 ,15.9484 ,15.8861 ,0.2667 ,0.9333 ,
0.0000 ,0.9706 ,0.2664 ,15.9701 ,15.2236 ,0.2670 ,0.9331 ,
0.0000 ,0.9705 ,0.2700 ,15.7934 ,13.9007 ,0.2641 ,0.9339 ,
0.0000 ,0.9703 ,0.2758 ,15.8567 ,13.9007 ,0.2651 ,0.9333 ,
0.0000 ,0.9702 ,0.2748 ,15.6343 ,15.1720 ,0.2615 ,0.9343 ,
0.0000 ,0.9702 ,0.2666 ,15.8675 ,16.5529 ,0.2653 ,0.9333 ,
0.0000 ,0.9701 ,0.2777 ,15.5644 ,14.5611 ,0.2603 ,0.9345 ,
0.0000 ,0.9700 ,0.2794 ,15.3510 ,13.9007 ,0.2568 ,0.9353 ,
0.0000 ,0.9696 ,0.2786 ,15.6343 ,13.9007 ,0.2613 ,0.9337 ,
0.0000 ,0.0000 ,0.0000 ,0.0000 ,0.0000 ,0.2671 ,0.9320 ,
0.0000 ,0.0000 ,0.0000 ,0.0000 ,0.0000 ,12.9718 ,25.9436 ,
0.0000 ,0.0000 ,0.0000 ,0.0000 ,0.0000 ,-12.9718 ,25.9436 ,

4.0000 ,15.4541 ,0.2646 ,11.7642 ,8.6764 ,3.1509 ,15.1295 ,
4.0000 ,15.4539 ,0.2403 ,11.2156 ,2.8811 ,3.0058 ,15.1588 ,
4.0000 ,15.4538 ,0.2694 ,11.8371 ,11.2767 ,3.1700 ,15.1252 ,
4.0000 ,15.4535 ,0.2679 ,11.9551 ,6.0922 ,3.2011 ,15.1183 ,
4.0000 ,15.4531 ,0.2631 ,11.7470 ,13.2421 ,3.1461 ,15.1295 ,
4.0000 ,15.4531 ,0.2678 ,11.6463 ,17.8934 ,3.1195 ,15.1350 ,
4.0000 ,15.4531 ,0.2536 ,11.8371 ,0.9594 ,3.1699 ,15.1245 ,
4.0000 ,15.4528 ,0.2602 ,12.1051 ,6.0941 ,3.2405 ,15.1092 ,
4.0000 ,15.4513 ,0.2528 ,11.4789 ,6.7383 ,3.0749 ,15.1422 ,
4.0000 ,15.4510 ,0.2653 ,11.6848 ,4.8079 ,3.1293 ,15.1308 ,
3.0000 ,14.7621 ,1.0000 ,1.9115 ,1.6016 ,0.4924 ,14.7539 ,
3.0000 ,14.7619 ,1.0000 ,2.2159 ,3.5222 ,0.5708 ,14.7509 ,
3.0000 ,14.7619 ,1.0000 ,1.9809 ,2.2421 ,0.5103 ,14.7531 ,
3.0000 ,14.7619 ,1.0000 ,2.1237 ,3.5222 ,0.5470 ,14.7517 ,
3.0000 ,14.7618 ,1.0000 ,1.9407 ,1.6016 ,0.4999 ,14.7533 ,
3.0000 ,14.7618 ,1.0000 ,2.2119 ,2.2421 ,0.5697 ,14.7508 ,
3.0000 ,14.7618 ,1.0000 ,2.2223 ,3.5222 ,0.5724 ,14.7507 ,
3.0000 ,14.7617 ,1.0000 ,2.1822 ,1.6016 ,0.5621 ,14.7510 ,
3.0000 ,14.7617 ,1.0000 ,2.0394 ,2.2421 ,0.5253 ,14.7523 ,
3.0000 ,14.7615 ,1.0000 ,2.0186 ,3.5222 ,0.5199 ,14.7524 ,
2.0000 ,8.7102 ,0.7510 ,-7.3530 ,-6.7383 ,-1.1147 ,8.6386 ,
2.0000 ,8.7098 ,0.7492 ,-6.9849 ,-6.7383 ,-1.0592 ,8.6452 ,
2.0000 ,8.7098 ,0.7494 ,-7.1202 ,-8.0275 ,-1.0796 ,8.6427 ,
2.0000 ,8.7095 ,0.7508 ,-7.0059 ,-6.0941 ,-1.0623 ,8.6444 ,
2.0000 ,8.7094 ,0.7443 ,-7.4419 ,-6.0941 ,-1.1281 ,8.6361 ,
2.0000 ,8.7094 ,0.7376 ,-7.0124 ,-6.7383 ,-1.0633 ,8.6442 ,
2.0000 ,8.7092 ,0.7361 ,-7.3020 ,-8.0275 ,-1.1069 ,8.6386 ,
2.0000 ,8.7090 ,0.7304 ,-7.3255 ,-8.0275 ,-1.1104 ,8.6379 ,
2.0000 ,8.7085 ,0.7334 ,-6.9445 ,-5.4507 ,-1.0529 ,8.6446 ,
2.0000 ,8.7083 ,0.7308 ,-7.1242 ,-7.3815 ,-1.0800 ,8.6411 ,
1.0000 ,8.5340 ,0.4447 ,-8.0134 ,-7.3834 ,-1.1897 ,8.4507 ,
1.0000 ,8.5334 ,0.4520 ,-8.2257 ,-8.0275 ,-1.2209 ,8.4456 ,
1.0000 ,8.5333 ,0.4447 ,-8.2086 ,-8.6745 ,-1.2184 ,8.4458 ,
1.0000 ,8.5295 ,0.4324 ,-8.7627 ,-6.0941 ,-1.2994 ,8.4299 ,
1.0000 ,8.5284 ,0.4399 ,-8.5292 ,-7.1669 ,-1.2649 ,8.4341 ,
1.0000 ,8.5283 ,0.4408 ,-8.2872 ,-8.0275 ,-1.2292 ,8.4392 ,
1.0000 ,8.5279 ,0.4443 ,-8.6775 ,-8.6745 ,-1.2866 ,8.4303 ,
1.0000 ,8.5277 ,0.4493 ,-8.1981 ,-8.0275 ,-1.2160 ,8.4406 ,
1.0000 ,8.5275 ,0.4483 ,-8.4886 ,-8.0275 ,-1.2588 ,8.4341 ,
1.0000 ,8.5263 ,0.4582 ,-8.4230 ,-8.0195 ,-1.2489 ,8.4343 ,
0.0000 ,0.9707 ,0.2695 ,16.3286 ,14.5611 ,0.2729 ,0.9315 ,
0.0000 ,0.9705 ,0.2639 ,16.7048 ,15.2236 ,0.2789 ,0.9295 ,
0.0000 ,0.9702 ,0.2764 ,15.8742 ,13.2421 ,0.2654 ,0.9332 ,
0.0000 ,0.9701 ,0.2790 ,15.9943 ,14.5611 ,0.2673 ,0.9325 ,
0.0000 ,0.9697 ,0.2725 ,15.5556 ,13.9007 ,0.2600 ,0.9341 ,
0.0000 ,0.9695 ,0.2806 ,15.7867 ,14.5611 ,0.2638 ,0.9329 ,
0.0000 ,0.9695 ,0.2794 ,15.7542 ,14.5611 ,0.2632 ,0.9331 ,
0.0000 ,0.9695 ,0.2807 ,15.8392 ,13.9007 ,0.2646 ,0.9327 ,
0.0000 ,0.9693 ,0.2739 ,15.8109 ,14.5611 ,0.2641 ,0.9326 ,
0.0000 ,0.0000 ,0.0000 ,0.0000 ,0.0000 ,0.2572 ,0.9337 ,
0.0000 ,0.0000 ,0.0000 ,0.0000 ,0.0000 ,12.9718 ,25.9436 ,
0.0000 ,0.0000 ,0.0000 ,0.0000 ,0.0000 ,-12.9718 ,25.9436 ,

4.0000 ,15.4544 ,0.2641 ,11.4405 ,3.5241 ,3.0654 ,15.1473 ,
4.0000 ,15.4531 ,0.2554 ,11.9829 ,13.8988 ,3.2084 ,15.1164 ,
4.0000 ,15.4528 ,0.2477 ,12.5930 ,9.3246 ,3.3691 ,15.0811 ,
4.0000 ,15.4528 ,0.2528 ,12.8922 ,10.6227 ,3.4478 ,15.0632 ,
4.0000 ,15.4527 ,0.2599 ,12.3778 ,11.9283 ,3.3124 ,15.0936 ,
4.0000 ,15.4523 ,0.2583 ,11.7257 ,11.2748 ,3.1403 ,15.1298 ,
4.0000 ,15.4522 ,0.2584 ,11.5027 ,0.9612 ,3.0814 ,15.1418 ,
4.0000 ,15.4521 ,0.2526 ,12.7606 ,4.1639 ,3.4130 ,15.0705 ,
4.0000 ,15.4516 ,0.2631 ,11.9895 ,5.4507 ,3.2098 ,15.1146 ,
4.0000 ,15.4512 ,0.2487 ,11.7364 ,12.5834 ,3.1429 ,15.1282 ,
3.0000 ,14.7622 ,1.0000 ,1.8906 ,2.2421 ,0.4870 ,14.7541 ,
3.0000 ,14.7621 ,1.0000 ,1.9744 ,2.8811 ,0.5086 ,14.7533 ,
3.0000 ,14.7621 ,1.0000 ,2.0419 ,2.8811 ,0.5260 ,14.7527 ,
3.0000 ,14.7620 ,1.0000 ,1.9536 ,1.6016 ,0.5032 ,14.7534 ,
3.0000 ,14.7620 ,1.0000 ,1.8778 ,1.6016 ,0.4837 ,14.7541 ,
3.0000 ,14.7620 ,1.0000 ,1.9680 ,1.6016 ,0.5069 ,14.7533 ,
3.0000 ,14.7617 ,1.0000 ,2.2119 ,3.5222 ,0.5697 ,14.7507 ,
3.0000 ,14.7616 ,1.0000 ,1.9977 ,3.5222 ,0.5146 ,14.7527 ,
3.0000 ,14.7616 ,1.0000 ,2.0121 ,2.8811 ,0.5183 ,14.7524 ,
3.0000 ,14.7614 ,1.0000 ,2.0691 ,2.2421 ,0.5330 ,14.7518 ,
2.0000 ,8.7096 ,0.7230 ,-6.7184 ,-6.0941 ,-1.0189 ,8.6498 ,
2.0000 ,8.7096 ,0.7383 ,-6.8726 ,-7.3815 ,-1.0422 ,8.6470 ,
2.0000 ,8.7095 ,0.7332 ,-6.7563 ,-7.5674 ,-1.0246 ,8.6490 ,
2.0000 ,8.7093 ,0.7451 ,-7.1477 ,-8.0275 ,-1.0837 ,8.6416 ,
2.0000 ,8.7092 ,0.7326 ,-6.9405 ,-6.0941 ,-1.0524 ,8.6454 ,
2.0000 ,8.7092 ,0.7320 ,-7.0653 ,-7.3815 ,-1.0712 ,8.6431 ,
2.0000 ,8.7091 ,0.7303 ,-6.8556 ,-5.4507 ,-1.0396 ,8.6469 ,
2.0000 ,8.7089 ,0.7350 ,-7.4354 ,-6.0941 ,-1.1270 ,8.6357 ,
2.0000 ,8.7088 ,0.7261 ,-6.6635 ,-7.3815 ,-1.0106 ,8.6500 ,
2.0000 ,8.7085 ,0.7415 ,-7.3295 ,-6.0941 ,-1.1110 ,8.6374 ,
1.0000 ,8.5315 ,0.4348 ,-8.3463 ,-8.0275 ,-1.2384 ,8.4412 ,
1.0000 ,8.5308 ,0.4300 ,-8.4124 ,-8.0275 ,-1.2480 ,8.4390 ,
1.0000 ,8.5306 ,0.4331 ,-8.0475 ,-8.0275 ,-1.1942 ,8.4466 ,
1.0000 ,8.5304 ,0.4347 ,-8.4505 ,-7.3815 ,-1.2536 ,8.4378 ,
1.0000 ,8.5285 ,0.4379 ,-8.4886 ,-7.3815 ,-1.2589 ,8.4350 ,
1.0000 ,8.5283 ,0.4492 ,-8.1025 ,-6.0941 ,-1.2020 ,8.4432 ,
1.0000 ,8.5279 ,0.4347 ,-8.3213 ,-6.6506 ,-1.2342 ,8.4382 ,
1.0000 ,8.5277 ,0.4352 ,-8.6183 ,-6.7383 ,-1.2779 ,8.4314 ,
1.0000 ,8.5273 ,0.4417 ,-8.5883 ,-8.0275 ,-1.2734 ,8.4317 ,
1.0000 ,8.5267 ,0.4423 ,-8.1301 ,-7.3815 ,-1.2058 ,8.4410 ,
0.0000 ,0.9710 ,0.2822 ,15.8567 ,15.8861 ,0.2653 ,0.9340 ,
0.0000 ,0.9704 ,0.2722 ,15.9984 ,15.2236 ,0.2675 ,0.9328 ,
0.0000 ,0.9701 ,0.2805 ,15.5232 ,13.9007 ,0.2596 ,0.9347 ,
0.0000 ,0.9698 ,0.2731 ,15.3443 ,15.2216 ,0.2566 ,0.9353 ,
0.0000 ,0.9698 ,0.2794 ,15.4425 ,15.2216 ,0.2582 ,0.9347 ,
0.0000 ,0.9697 ,0.2635 ,15.7126 ,13.2421 ,0.2626 ,0.9335 ,
0.0000 ,0.9696 ,0.2655 ,16.1645 ,15.2236 ,0.2699 ,0.9313 ,
0.0000 ,0.9696 ,0.2725 ,15.5536 ,14.5611 ,0.2600 ,0.9341 ,
0.0000 ,0.9690 ,0.2789 ,16.0943 ,15.8881 ,0.2686 ,0.9311 ,
0.0000 ,0.0000 ,0.0000 ,0.0000 ,0.0000 ,0.2604 ,0.9333 ,
0.0000 ,0.0000 ,0.0000 ,0.0000 ,0.0000 ,12.9718 ,25.9436 ,
0.0000 ,0.0000 ,0.0000 ,0.0000 ,0.0000 ,-12.9718 ,25.9436 ,

4.0000 ,15.4542 ,0.2607 ,11.4749 ,-2.2402 ,3.0744 ,15.1453 ,
4.0000 ,15.4535 ,0.2583 ,11.8093 ,1.6016 ,3.1626 ,15.1264 ,
4.0000 ,15.4532 ,0.2633 ,11.6119 ,2.2402 ,3.1104 ,15.1369 ,
4.0000 ,15.4532 ,0.2637 ,10.3632 ,-0.9594 ,2.7798 ,15.2011 ,
4.0000 ,15.4529 ,0.2551 ,12.0002 ,4.1639 ,3.2129 ,15.1152 ,
4.0000 ,15.4527 ,0.2473 ,11.9444 ,1.6016 ,3.1981 ,15.1181 ,
4.0000 ,15.4525 ,0.2467 ,12.1674 ,-0.9594 ,3.2569 ,15.1053 ,
4.0000 ,15.4523 ,0.2550 ,11.0555 ,6.0941 ,2.9631 ,15.1655 ,
4.0000 ,15.4521 ,0.2746 ,11.7855 ,4.1658 ,3.1561 ,15.1263 ,
4.0000 ,15.4516 ,0.2502 ,12.2125 ,0.9612 ,3.2686 ,15.1019 ,
3.0000 ,14.7626 ,1.0000 ,2.1004 ,2.2421 ,0.5411 ,14.7527 ,
3.0000 ,14.7622 ,1.0000 ,2.0290 ,3.5222 ,0.5227 ,14.7530 ,
3.0000 ,14.7622 ,1.0000 ,1.8465 ,2.8811 ,0.4757 ,14.7545 ,
3.0000 ,14.7622 ,1.0000 ,1.9263 ,2.8811 ,0.4962 ,14.7538 ,
3.0000 ,14.7621 ,1.0000 ,2.0081 ,1.6016 ,0.5173 ,14.7530 ,
3.0000 ,14.7620 ,1.0000 ,1.9977 ,3.5222 ,0.5146 ,14.7531 ,
3.0000 ,14.7620 ,1.0000 ,2.1237 ,2.8811 ,0.5470 ,14.7518 ,
3.0000 ,14.7620 ,1.0000 ,2.0354 ,2.8811 ,0.5243 ,14.7526 ,
3.0000 ,14.7618 ,1.0000 ,2.0121 ,1.6016 ,0.5183 ,14.7527 ,
3.0000 ,14.7617 ,1.0000 ,2.3652 ,3.5222 ,0.6092 ,14.7491 ,
2.0000 ,8.7098 ,0.7353 ,-7.0099 ,-6.7383 ,-1.0630 ,8.6447 ,
2.0000 ,8.7098 ,0.7614 ,-7.0398 ,-5.4507 ,-1.0675 ,8.6441 ,
2.0000 ,8.7098 ,0.7555 ,-7.2236 ,-7.3815 ,-1.0952 ,8.6407 ,
2.0000 ,8.7094 ,0.7374 ,-7.3804 ,-6.7383 ,-1.1188 ,8.6372 ,
2.0000 ,8.7092 ,0.7456 ,-7.1097 ,-6.0941 ,-1.0779 ,8.6423 ,
2.0000 ,8.7090 ,0.7547 ,-7.0164 ,-8.0275 ,-1.0638 ,8.6438 ,
2.0000 ,8.7090 ,0.7536 ,-7.3949 ,-8.6745 ,-1.1209 ,8.6366 ,
2.0000 ,8.7090 ,0.7258 ,-7.0798 ,-6.7383 ,-1.0734 ,8.6426 ,
2.0000 ,8.7087 ,0.7285 ,-6.8347 ,-6.7448 ,-1.0364 ,8.6468 ,
2.0000 ,8.7086 ,0.7505 ,-6.9849 ,-7.3815 ,-1.0590 ,8.6440 ,
1.0000 ,8.5448 ,0.4252 ,-8.8073 ,-8.6745 ,-1.3083 ,8.4440 ,
1.0000 ,8.5399 ,0.4362 ,-8.8665 ,-6.7383 ,-1.3163 ,8.4378 ,
1.0000 ,8.5331 ,0.4382 ,-8.4545 ,-7.3815 ,-1.2546 ,8.4403 ,
1.0000 ,8.5313 ,0.4364 ,-8.0645 ,-7.3834 ,-1.1968 ,8.4469 ,
1.0000 ,8.5310 ,0.4347 ,-8.4270 ,-7.3834 ,-1.2502 ,8.4389 ,
1.0000 ,8.5306 ,0.4231 ,-8.2492 ,-6.0941 ,-1.2240 ,8.4423 ,
1.0000 ,8.5289 ,0.4262 ,-8.1536 ,-7.3834 ,-1.2096 ,8.4427 ,
1.0000 ,8.5286 ,0.4474 ,-8.4740 ,-7.3815 ,-1.2568 ,8.4355 ,
1.0000 ,8.5284 ,0.4497 ,-8.3043 ,-8.4433 ,-1.2318 ,8.4390 ,
1.0000 ,8.5283 ,0.4559 ,-8.6630 ,-6.0941 ,-1.2846 ,8.4310 ,
0.0000 ,0.9707 ,0.2768 ,15.5710 ,13.9007 ,0.2606 ,0.9351 ,
0.0000 ,0.9706 ,0.2661 ,15.7542 ,14.5611 ,0.2635 ,0.9342 ,
0.0000 ,0.9706 ,0.2658 ,15.8892 ,16.5529 ,0.2657 ,0.9335 ,
0.0000 ,0.9703 ,0.2746 ,16.1144 ,14.5611 ,0.2693 ,0.9322 ,
0.0000 ,0.9701 ,0.2657 ,15.6601 ,15.8861 ,0.2619 ,0.9341 ,
0.0000 ,0.9701 ,0.2818 ,15.9526 ,15.2216 ,0.2666 ,0.9327 ,
0.0000 ,0.9699 ,0.2864 ,15.1358 ,15.8861 ,0.2532 ,0.9362 ,
0.0000 ,0.9695 ,0.2767 ,15.9943 ,14.5611 ,0.2671 ,0.9319 ,
0.0000 ,0.9692 ,0.2837 ,15.6451 ,14.5592 ,0.2614 ,0.9333 ,
0.0000 ,0.0000 ,0.0000 ,0.0000 ,0.0000 ,0.2571 ,0.9343 ,
0.0000 ,0.0000 ,0.0000 ,0.0000 ,0.0000 ,12.9718 ,25.9436 ,
0.0000 ,0.0000 ,0.0000 ,0.0000 ,0.0000 ,-12.9718 ,25.9436 ,

4.0000 ,15.4540 ,0.2636 ,11.2010 ,5.4507 ,3.0019 ,15.1596 ,
4.0000 ,15.4538 ,0.2698 ,12.0625 ,4.1639 ,3.2295 ,15.1125 ,
4.0000 ,15.4535 ,0.2470 ,12.1223 ,4.8079 ,3.2452 ,15.1089 ,
4.0000 ,15.4533 ,0.2685 ,11.0530 ,15.2216 ,2.9627 ,15.1666 ,
4.0000 ,15.4533 ,0.2645 ,10.7775 ,2.2402 ,2.8897 ,15.1807 ,
4.0000 ,15.4531 ,0.2634 ,11.6529 ,11.2748 ,3.1213 ,15.1346 ,
4.0000 ,15.4530 ,0.2662 ,11.6782 ,7.3834 ,3.1279 ,15.1331 ,
4.0000 ,15.4527 ,0.2486 ,11.7814 ,6.0941 ,3.1551 ,15.1271 ,
4.0000 ,15.4523 ,0.2649 ,11.7642 ,14.5611 ,3.1505 ,15.1277 ,
4.0000 ,15.4514 ,0.2586 ,11.9723 ,0.9612 ,3.2052 ,15.1153 ,
3.0000 ,14.7625 ,1.0000 ,2.1381 ,3.5222 ,0.5508 ,14.7522 ,
3.0000 ,14.7624 ,1.0000 ,2.0081 ,2.8811 ,0.5173 ,14.7533 ,
3.0000 ,14.7624 ,1.0000 ,2.0731 ,2.8811 ,0.5340 ,14.7527 ,
3.0000 ,14.7622 ,1.0000 ,2.1678 ,0.9612 ,0.5584 ,14.7517 ,
3.0000 ,14.7622 ,1.0000 ,2.2536 ,2.8811 ,0.5805 ,14.7508 ,
3.0000 ,14.7621 ,1.0000 ,2.3587 ,3.5222 ,0.6075 ,14.7496 ,
3.0000 ,14.7621 ,1.0000 ,2.0121 ,1.6016 ,0.5183 ,14.7530 ,
3.0000 ,14.7621 ,1.0000 ,2.1132 ,1.6016 ,0.5444 ,14.7521 ,
3.0000 ,14.7620 ,1.0000 ,2.0964 ,2.4898 ,0.5400 ,14.7522 ,
3.0000 ,14.7617 ,1.0000 ,2.3547 ,3.5222 ,0.6065 ,14.7492 ,
2.0000 ,8.7106 ,0.7435 ,-6.9001 ,-7.3815 ,-1.0465 ,8.6476 ,
2.0000 ,8.7104 ,0.7372 ,-7.0099 ,-6.0941 ,-1.0630 ,8.6453 ,
2.0000 ,8.7101 ,0.7378 ,-6.8791 ,-6.7383 ,-1.0432 ,8.6474 ,
2.0000 ,8.7100 ,0.7424 ,-7.0903 ,-5.4507 ,-1.0751 ,8.6434 ,
2.0000 ,8.7097 ,0.7367 ,-7.2261 ,-7.3815 ,-1.0955 ,8.6405 ,
2.0000 ,8.7095 ,0.7379 ,-7.2575 ,-6.7383 ,-1.1003 ,8.6398 ,
2.0000 ,8.7094 ,0.7285 ,-7.2091 ,-6.7383 ,-1.0929 ,8.6405 ,
2.0000 ,8.7089 ,0.7578 ,-6.8282 ,-6.0941 ,-1.0354 ,8.6471 ,
2.0000 ,8.7087 ,0.7284 ,-7.3505 ,-8.6745 ,-1.1142 ,8.6371 ,
2.0000 ,8.7082 ,0.7499 ,-7.1097 ,-7.3815 ,-1.0778 ,8.6412 ,
1.0000 ,8.5451 ,0.4448 ,-8.8941 ,-6.7383 ,-1.3211 ,8.4423 ,
1.0000 ,8.5412 ,0.4309 ,-8.3463 ,-6.8505 ,-1.2398 ,8.4508 ,
1.0000 ,8.5358 ,0.4449 ,-8.1130 ,-8.0275 ,-1.2046 ,8.4504 ,
1.0000 ,8.5344 ,0.4412 ,-8.5737 ,-8.0275 ,-1.2723 ,8.4391 ,
1.0000 ,8.5319 ,0.4377 ,-8.3994 ,-9.3227 ,-1.2463 ,8.4404 ,
1.0000 ,8.5308 ,0.4393 ,-8.0134 ,-6.7383 ,-1.1892 ,8.4475 ,
1.0000 ,8.5303 ,0.4456 ,-7.8994 ,-6.7383 ,-1.1723 ,8.4494 ,
1.0000 ,8.5301 ,0.4342 ,-7.9139 ,-6.7383 ,-1.1745 ,8.4488 ,
1.0000 ,8.5296 ,0.4515 ,-8.4846 ,-7.3815 ,-1.2585 ,8.4362 ,
1.0000 ,8.5296 ,0.4418 ,-8.7627 ,-6.7383 ,-1.2994 ,8.4300 ,
0.0000 ,0.9719 ,0.2760 ,15.8217 ,15.2236 ,0.2650 ,0.9350 ,
0.0000 ,0.9709 ,0.2748 ,15.3161 ,14.5611 ,0.2565 ,0.9364 ,
0.0000 ,0.9706 ,0.2782 ,15.4250 ,15.2236 ,0.2582 ,0.9356 ,
0.0000 ,0.9704 ,0.2843 ,15.2031 ,14.5611 ,0.2545 ,0.9364 ,
0.0000 ,0.9703 ,0.2739 ,15.9134 ,15.8861 ,0.2660 ,0.9331 ,
0.0000 ,0.9702 ,0.2746 ,15.9242 ,14.5611 ,0.2662 ,0.9330 ,
0.0000 ,0.9701 ,0.2714 ,15.8001 ,15.2216 ,0.2642 ,0.9335 ,
0.0000 ,0.9695 ,0.2732 ,15.0943 ,14.5611 ,0.2525 ,0.9361 ,
0.0000 ,0.9694 ,0.2647 ,15.8784 ,16.5529 ,0.2652 ,0.9324 ,
0.0000 ,0.0000 ,0.0000 ,0.0000 ,0.0000 ,0.2562 ,0.9347 ,
0.0000 ,0.0000 ,0.0000 ,0.0000 ,0.0000 ,12.9718 ,25.9436 ,
0.0000 ,0.0000 ,0.0000 ,0.0000 ,0.0000 ,-12.9718 ,25.9436 ,

4.0000 ,15.4544 ,0.2688 ,11.1005 ,0.3192 ,2.9754 ,15.1653 ,
4.0000 ,15.4538 ,0.2660 ,11.7126 ,9.9740 ,3.1372 ,15.1320 ,
4.0000 ,15.4537 ,0.2629 ,12.0174 ,7.3834 ,3.2176 ,15.1150 ,
4.0000 ,15.4535 ,0.2668 ,11.6225 ,11.2748 ,3.1133 ,15.1366 ,
4.0000 ,15.4533 ,0.2575 ,11.9313 ,1.6016 ,3.1948 ,15.1194 ,
4.0000 ,15.4531 ,0.2600 ,11.3955 ,8.6764 ,3.0532 ,15.1485 ,
4.0000 ,15.4526 ,0.2610 ,12.2728 ,2.8811 ,3.2847 ,15.0995 ,
4.0000 ,15.4523 ,0.2677 ,11.3055 ,16.5548 ,3.0293 ,15.1525 ,
4.0000 ,15.4520 ,0.2655 ,11.6013 ,15.8881 ,3.1074 ,15.1363 ,
4.0000 ,15.4509 ,0.2603 ,11.4086 ,5.4121 ,3.0563 ,15.1456 ,
3.0000 ,14.7624 ,1.0000 ,2.3989 ,2.2402 ,0.6179 ,14.7494 ,
3.0000 ,14.7622 ,1.0000 ,2.0186 ,2.2421 ,0.5200 ,14.7530 ,
3.0000 ,14.7622 ,1.0000 ,2.1004 ,3.5222 ,0.5410 ,14.7522 ,
3.0000 ,14.7621 ,1.0000 ,1.9154 ,1.6016 ,0.4934 ,14.7539 ,
3.0000 ,14.7621 ,1.0000 ,2.0419 ,2.2421 ,0.5260 ,14.7528 ,
3.0000 ,14.7621 ,1.0000 ,2.0835 ,3.5222 ,0.5367 ,14.7524 ,
3.0000 ,14.7621 ,1.0000 ,2.1509 ,2.6996 ,0.5541 ,14.7517 ,
3.0000 ,14.7620 ,1.0000 ,2.0691 ,2.8811 ,0.5330 ,14.7523 ,
3.0000 ,14.7620 ,1.0000 ,1.8505 ,2.8811 ,0.4767 ,14.7543 ,
3.0000 ,14.7617 ,1.0000 ,2.1549 ,2.2421 ,0.5551 ,14.7513 ,
2.0000 ,8.7103 ,0.7337 ,-6.9380 ,-6.7383 ,-1.0522 ,8.6465 ,
2.0000 ,8.7099 ,0.7262 ,-6.9849 ,-6.7383 ,-1.0592 ,8.6453 ,
2.0000 ,8.7097 ,0.7458 ,-7.2406 ,-7.3815 ,-1.0977 ,8.6402 ,
2.0000 ,8.7097 ,0.7398 ,-6.7184 ,-5.4507 ,-1.0189 ,8.6499 ,
2.0000 ,8.7096 ,0.7371 ,-7.5389 ,-8.0275 ,-1.1427 ,8.6344 ,
2.0000 ,8.7096 ,0.7536 ,-7.0124 ,-6.0941 ,-1.0633 ,8.6444 ,
2.0000 ,8.7095 ,0.7296 ,-6.9170 ,-8.6745 ,-1.0489 ,8.6461 ,
2.0000 ,8.7095 ,0.7237 ,-6.8452 ,-6.0941 ,-1.0380 ,8.6474 ,
2.0000 ,8.7092 ,0.7413 ,-7.0228 ,-6.0941 ,-1.0648 ,8.6438 ,
2.0000 ,8.7083 ,0.7186 ,-7.1961 ,-8.0275 ,-1.0909 ,8.6397 ,
1.0000 ,8.5445 ,0.4377 ,-8.7392 ,-8.6745 ,-1.2982 ,8.4453 ,
1.0000 ,8.5324 ,0.4342 ,-8.4400 ,-5.9147 ,-1.2523 ,8.4400 ,
1.0000 ,8.5313 ,0.4438 ,-8.4400 ,-8.6745 ,-1.2522 ,8.4389 ,
1.0000 ,8.5311 ,0.4372 ,-8.3849 ,-8.0275 ,-1.2440 ,8.4399 ,
1.0000 ,8.5305 ,0.4473 ,-8.2151 ,-7.3834 ,-1.2189 ,8.4430 ,
1.0000 ,8.5300 ,0.4421 ,-8.5332 ,-8.6745 ,-1.2657 ,8.4356 ,
1.0000 ,8.5294 ,0.4354 ,-8.6434 ,-7.3834 ,-1.2818 ,8.4325 ,
1.0000 ,8.5291 ,0.4326 ,-8.2978 ,-7.3815 ,-1.2309 ,8.4398 ,
1.0000 ,8.5287 ,0.4436 ,-7.9714 ,-6.0941 ,-1.1827 ,8.4463 ,
1.0000 ,8.5273 ,0.4428 ,-8.2702 ,-6.0941 ,-1.2266 ,8.4386 ,
0.0000 ,0.9721 ,0.2718 ,16.1010 ,15.2236 ,0.2696 ,0.9339 ,
0.0000 ,0.9710 ,0.2793 ,15.8675 ,17.2219 ,0.2655 ,0.9340 ,
0.0000 ,0.9709 ,0.2693 ,15.4492 ,15.8861 ,0.2586 ,0.9358 ,
0.0000 ,0.9708 ,0.2777 ,15.4291 ,14.5611 ,0.2583 ,0.9358 ,
0.0000 ,0.9706 ,0.2759 ,15.3685 ,14.5611 ,0.2572 ,0.9359 ,
0.0000 ,0.9704 ,0.2760 ,15.2488 ,14.5611 ,0.2552 ,0.9362 ,
0.0000 ,0.9703 ,0.2812 ,15.3577 ,15.2216 ,0.2570 ,0.9357 ,
0.0000 ,0.9697 ,0.2756 ,15.2098 ,13.2421 ,0.2544 ,0.9357 ,
0.0000 ,0.9695 ,0.2727 ,15.4034 ,14.5611 ,0.2575 ,0.9347 ,
0.0000 ,0.0000 ,0.0000 ,0.0000 ,0.0000 ,0.2595 ,0.9341 ,
0.0000 ,0.0000 ,0.0000 ,0.0000 ,0.0000 ,12.9718 ,25.9436 ,
0.0000 ,0.0000 ,0.0000 ,0.0000 ,0.0000 ,-12.9718 ,25.9436 ,

4.0000 ,15.4551 ,0.2653 ,10.4145 ,3.5241 ,2.7938 ,15.2004 ,
4.0000 ,15.4543 ,0.2488 ,12.1329 ,9.3246 ,3.2482 ,15.1091 ,
4.0000 ,15.4543 ,0.2555 ,12.2876 ,4.8060 ,3.2890 ,15.1003 ,
4.0000 ,15.4541 ,0.2655 ,10.8885 ,2.8829 ,2.9192 ,15.1758 ,
4.0000 ,15.4536 ,0.2628 ,12.0903 ,13.2421 ,3.2368 ,15.1108 ,
4.0000 ,15.4535 ,0.2689 ,11.9592 ,5.4488 ,3.2022 ,15.1180 ,
4.0000 ,15.4534 ,0.2677 ,12.0042 ,8.6745 ,3.2141 ,15.1155 ,
4.0000 ,15.4528 ,0.2567 ,11.9166 ,4.8079 ,3.1908 ,15.1197 ,
4.0000 ,15.4526 ,0.2626 ,11.3783 ,6.0922 ,3.0486 ,15.1489 ,
4.0000 ,15.4523 ,0.2637 ,12.2232 ,9.3227 ,3.2716 ,15.1020 ,
3.0000 ,14.7626 ,1.0000 ,2.1405 ,1.6016 ,0.5514 ,14.7523 ,
3.0000 ,14.7624 ,1.0000 ,2.1990 ,3.5222 ,0.5665 ,14.7516 ,
3.0000 ,14.7622 ,1.0000 ,2.2223 ,2.8811 ,0.5724 ,14.7511 ,
3.0000 ,14.7622 ,1.0000 ,2.0081 ,3.5222 ,0.5173 ,14.7531 ,
3.0000 ,14.7621 ,1.0000 ,2.2561 ,3.5222 ,0.5811 ,14.7507 ,
3.0000 ,14.7621 ,1.0000 ,2.0017 ,3.5222 ,0.5156 ,14.7531 ,
3.0000 ,14.7620 ,1.0000 ,2.1132 ,3.5222 ,0.5443 ,14.7519 ,
3.0000 ,14.7620 ,1.0000 ,1.9154 ,2.8811 ,0.4934 ,14.7537 ,
3.0000 ,14.7620 ,1.0000 ,2.1237 ,2.8811 ,0.5470 ,14.7518 ,
3.0000 ,14.7619 ,1.0000 ,1.9953 ,3.5222 ,0.5140 ,14.7529 ,
2.0000 ,8.7101 ,0.7375 ,-7.0693 ,-8.0275 ,-1.0719 ,8.6439 ,
2.0000 ,8.7100 ,0.7360 ,-6.9849 ,-6.0941 ,-1.0592 ,8.6454 ,
2.0000 ,8.7098 ,0.7534 ,-6.9001 ,-6.0941 ,-1.0464 ,8.6467 ,
2.0000 ,8.7096 ,0.7468 ,-7.1242 ,-6.0941 ,-1.0802 ,8.6423 ,
2.0000 ,8.7092 ,0.7334 ,-7.0059 ,-7.3815 ,-1.0623 ,8.6442 ,
2.0000 ,8.7092 ,0.7424 ,-7.1791 ,-6.7383 ,-1.0884 ,8.6409 ,
2.0000 ,8.7092 ,0.7411 ,-7.3020 ,-8.0275 ,-1.1069 ,8.6386 ,
2.0000 ,8.7091 ,0.7244 ,-7.1307 ,-6.7383 ,-1.0811 ,8.6417 ,
2.0000 ,8.7090 ,0.7390 ,-7.1032 ,-7.3815 ,-1.0769 ,8.6422 ,
2.0000 ,8.7086 ,0.7299 ,-7.0268 ,-6.7383 ,-1.0654 ,8.6432 ,
1.0000 ,8.5314 ,0.4282 ,-8.4545 ,-8.0275 ,-1.2543 ,8.4387 ,
1.0000 ,8.5313 ,0.4266 ,-7.9099 ,-7.3815 ,-1.1740 ,8.4502 ,
1.0000 ,8.5300 ,0.4319 ,-8.2492 ,-6.7383 ,-1.2239 ,8.4417 ,
1.0000 ,8.5299 ,0.4398 ,-8.3824 ,-6.7383 ,-1.2435 ,8.4388 ,
1.0000 ,8.5297 ,0.4510 ,-7.9204 ,-8.0275 ,-1.1754 ,8.4483 ,
1.0000 ,8.5293 ,0.4440 ,-8.0475 ,-8.6745 ,-1.1940 ,8.4453 ,
1.0000 ,8.5291 ,0.4436 ,-8.1260 ,-7.3815 ,-1.2056 ,8.4434 ,
1.0000 ,8.5289 ,0.4373 ,-8.7326 ,-8.6745 ,-1.2949 ,8.4300 ,
1.0000 ,8.5289 ,0.4394 ,-8.3528 ,-6.7383 ,-1.2390 ,8.4384 ,
1.0000 ,8.5284 ,0.4488 ,-8.4019 ,-7.3815 ,-1.2461 ,8.4369 ,
0.0000 ,0.9714 ,0.2682 ,15.7259 ,14.5611 ,0.2633 ,0.9350 ,
0.0000 ,0.9711 ,0.2689 ,15.5993 ,14.5611 ,0.2611 ,0.9353 ,
0.0000 ,0.9708 ,0.2811 ,15.7234 ,16.5529 ,0.2631 ,0.9344 ,
0.0000 ,0.9706 ,0.2808 ,15.4425 ,14.5611 ,0.2584 ,0.9355 ,
0.0000 ,0.9705 ,0.2710 ,15.7059 ,15.2236 ,0.2627 ,0.9343 ,
0.0000 ,0.9705 ,0.2677 ,16.0201 ,15.0813 ,0.2678 ,0.9328 ,
0.0000 ,0.9702 ,0.2772 ,15.5819 ,14.5611 ,0.2606 ,0.9346 ,
0.0000 ,0.9702 ,0.2769 ,15.7059 ,13.9007 ,0.2626 ,0.9340 ,
0.0000 ,0.9698 ,0.2717 ,15.2313 ,15.2216 ,0.2548 ,0.9358 ,
0.0000 ,0.0000 ,0.0000 ,0.0000 ,0.0000 ,0.2584 ,0.9347 ,
0.0000 ,0.0000 ,0.0000 ,0.0000 ,0.0000 ,12.9718 ,25.9436 ,
0.0000 ,0.0000 ,0.0000 ,0.0000 ,0.0000 ,-12.9718 ,25.9436 ,

4.0000 ,15.4546 ,0.2712 ,11.1176 ,1.5997 ,2.9800 ,15.1646 ,
4.0000 ,15.4545 ,0.2633 ,12.1289 ,15.8861 ,3.2472 ,15.1095 ,
4.0000 ,15.4539 ,0.2632 ,11.6913 ,4.1639 ,3.1316 ,15.1333 ,
4.0000 ,15.4539 ,0.2691 ,12.7113 ,12.5853 ,3.4005 ,15.0751 ,
4.0000 ,15.4536 ,0.2620 ,11.9444 ,9.9721 ,3.1983 ,15.1190 ,
4.0000 ,15.4528 ,0.2627 ,12.0878 ,11.9302 ,3.2360 ,15.1101 ,
4.0000 ,15.4528 ,0.2594 ,10.7260 ,14.5592 ,2.8760 ,15.1828 ,
4.0000 ,15.4526 ,0.2619 ,11.4683 ,17.2239 ,3.0724 ,15.1441 ,
4.0000 ,15.4521 ,0.2574 ,12.1502 ,18.5693 ,3.2523 ,15.1059 ,
4.0000 ,15.4513 ,0.2527 ,11.4086 ,3.5222 ,3.0563 ,15.1460 ,
3.0000 ,14.7626 ,1.0000 ,2.1108 ,2.8811 ,0.5437 ,14.7526 ,
3.0000 ,14.7625 ,1.0000 ,2.1847 ,3.5222 ,0.5627 ,14.7517 ,
3.0000 ,14.7624 ,1.0000 ,2.2769 ,2.2421 ,0.5865 ,14.7508 ,
3.0000 ,14.7623 ,1.0000 ,2.1782 ,2.2421 ,0.5611 ,14.7516 ,
3.0000 ,14.7621 ,1.0000 ,2.0121 ,1.6016 ,0.5183 ,14.7530 ,
3.0000 ,14.7620 ,1.0000 ,2.0290 ,2.8811 ,0.5226 ,14.7528 ,
3.0000 ,14.7620 ,1.0000 ,2.0860 ,2.8811 ,0.5373 ,14.7523 ,
3.0000 ,14.7618 ,1.0000 ,1.9511 ,3.5222 ,0.5026 ,14.7532 ,
3.0000 ,14.7617 ,1.0000 ,2.0964 ,4.1639 ,0.5400 ,14.7518 ,
3.0000 ,14.7616 ,1.0000 ,2.2937 ,1.6016 ,0.5908 ,14.7498 ,
2.0000 ,8.7097 ,0.7424 ,-7.0608 ,-8.0275 ,-1.0706 ,8.6437 ,
2.0000 ,8.7097 ,0.7269 ,-7.0059 ,-6.7383 ,-1.0623 ,8.6447 ,
2.0000 ,8.7096 ,0.7433 ,-6.9130 ,-8.0275 ,-1.0483 ,8.6462 ,
2.0000 ,8.7093 ,0.7449 ,-6.7733 ,-6.7364 ,-1.0272 ,8.6485 ,
2.0000 ,8.7092 ,0.7357 ,-7.2091 ,-8.0275 ,-1.0929 ,8.6403 ,
2.0000 ,8.7090 ,0.7416 ,-7.1921 ,-7.4547 ,-1.0903 ,8.6405 ,
2.0000 ,8.7089 ,0.7245 ,-6.9849 ,-7.3815 ,-1.0591 ,8.6443 ,
2.0000 ,8.7086 ,0.7264 ,-6.9824 ,-7.3815 ,-1.0587 ,8.6440 ,
2.0000 ,8.7083 ,0.7378 ,-7.0608 ,-6.7383 ,-1.0704 ,8.6423 ,
2.0000 ,8.7080 ,0.7485 ,-7.0653 ,-6.0941 ,-1.0711 ,8.6419 ,
1.0000 ,8.5437 ,0.4294 ,-8.5883 ,-7.3834 ,-1.2759 ,8.4479 ,
1.0000 ,8.5321 ,0.4428 ,-8.4846 ,-7.3815 ,-1.2589 ,8.4388 ,
1.0000 ,8.5320 ,0.4508 ,-8.2767 ,-6.7383 ,-1.2282 ,8.4432 ,
1.0000 ,8.5315 ,0.4342 ,-7.6578 ,-7.3815 ,-1.1369 ,8.4554 ,
1.0000 ,8.5313 ,0.4394 ,-8.0410 ,-8.0275 ,-1.1934 ,8.4474 ,
1.0000 ,8.5307 ,0.4349 ,-8.4675 ,-7.3834 ,-1.2561 ,8.4377 ,
1.0000 ,8.5298 ,0.4504 ,-7.8718 ,-6.7383 ,-1.1682 ,8.4494 ,
1.0000 ,8.5293 ,0.4326 ,-8.0134 ,-7.3834 ,-1.1890 ,8.4460 ,
1.0000 ,8.5286 ,0.4493 ,-8.7773 ,-7.3815 ,-1.3014 ,8.4287 ,
1.0000 ,8.5282 ,0.4375 ,-8.4059 ,-6.7364 ,-1.2467 ,8.4365 ,
0.0000 ,0.9707 ,0.2668 ,15.5057 ,14.5611 ,0.2595 ,0.9354 ,
0.0000 ,0.9705 ,0.2696 ,15.2986 ,15.8861 ,0.2561 ,0.9361 ,
0.0000 ,0.9704 ,0.2813 ,15.5710 ,15.8861 ,0.2605 ,0.9348 ,
0.0000 ,0.9704 ,0.2803 ,15.5207 ,14.5611 ,0.2597 ,0.9350 ,
0.0000 ,0.9704 ,0.2649 ,15.5885 ,15.8861 ,0.2608 ,0.9347 ,
0.0000 ,0.9703 ,0.2834 ,15.0876 ,14.5592 ,0.2526 ,0.9369 ,
0.0000 ,0.9702 ,0.2684 ,15.0901 ,14.5611 ,0.2526 ,0.9367 ,
0.0000 ,0.9701 ,0.2678 ,15.4924 ,15.8861 ,0.2591 ,0.9349 ,
0.0000 ,0.9700 ,0.2698 ,15.3834 ,14.5611 ,0.2573 ,0.9353 ,
0.0000 ,0.0000 ,0.0000 ,0.0000 ,0.0000 ,0.2617 ,0.9333 ,
0.0000 ,0.0000 ,0.0000 ,0.0000 ,0.0000 ,12.9718 ,25.9436 ,
0.0000 ,0.0000 ,0.0000 ,0.0000 ,0.0000 ,-12.9718 ,25.9436 ,

4.0000 ,15.4544 ,0.2714 ,11.4339 ,12.5853 ,3.0637 ,15.1477 ,
4.0000 ,15.4544 ,0.2641 ,12.0944 ,9.9721 ,3.2381 ,15.1114 ,
4.0000 ,15.4539 ,0.2581 ,11.4577 ,14.5757 ,3.0698 ,15.1459 ,
4.0000 ,15.4539 ,0.2573 ,11.6807 ,1.5997 ,3.1288 ,15.1339 ,
4.0000 ,15.4536 ,0.2543 ,11.9764 ,2.8811 ,3.2068 ,15.1172 ,
4.0000 ,15.4533 ,0.2587 ,11.2909 ,2.8811 ,3.0256 ,15.1542 ,
4.0000 ,15.4533 ,0.2593 ,12.2876 ,9.3227 ,3.2887 ,15.0993 ,
4.0000 ,15.4527 ,0.2619 ,11.1560 ,5.4507 ,2.9898 ,15.1607 ,
4.0000 ,15.4520 ,0.2746 ,11.4405 ,2.8829 ,3.0649 ,15.1450 ,
4.0000 ,15.4515 ,0.2658 ,10.8289 ,5.5724 ,2.9030 ,15.1763 ,
3.0000 ,14.7624 ,1.0000 ,2.1381 ,3.5222 ,0.5507 ,14.7521 ,
3.0000 ,14.7622 ,1.0000 ,2.0691 ,2.2421 ,0.5330 ,14.7526 ,
3.0000 ,14.7620 ,1.0000 ,2.0186 ,1.6016 ,0.5200 ,14.7529 ,
3.0000 ,14.7620 ,1.0000 ,1.8336 ,2.8811 ,0.4723 ,14.7545 ,
3.0000 ,14.7620 ,1.0000 ,1.9367 ,3.5222 ,0.4989 ,14.7535 ,
3.0000 ,14.7620 ,1.0000 ,2.1381 ,1.6016 ,0.5507 ,14.7517 ,
3.0000 ,14.7619 ,1.0000 ,2.0835 ,1.6016 ,0.5367 ,14.7521 ,
3.0000 ,14.7618 ,1.0000 ,1.9953 ,2.2421 ,0.5140 ,14.7529 ,
3.0000 ,14.7617 ,1.0000 ,2.0731 ,3.5222 ,0.5340 ,14.7521 ,
3.0000 ,14.7617 ,1.0000 ,1.8168 ,3.5222 ,0.4680 ,14.7543 ,
2.0000 ,8.7107 ,0.7439 ,-6.7523 ,-6.0941 ,-1.0242 ,8.6502 ,
2.0000 ,8.7103 ,0.7444 ,-7.3295 ,-6.7383 ,-1.1112 ,8.6392 ,
2.0000 ,8.7102 ,0.7522 ,-7.0438 ,-7.3815 ,-1.0681 ,8.6444 ,
2.0000 ,8.7100 ,0.7459 ,-7.1072 ,-5.4507 ,-1.0777 ,8.6431 ,
2.0000 ,8.7098 ,0.7515 ,-7.1242 ,-8.0275 ,-1.0802 ,8.6426 ,
2.0000 ,8.7098 ,0.7318 ,-7.3844 ,-6.7383 ,-1.1194 ,8.6376 ,
2.0000 ,8.7095 ,0.7443 ,-6.7249 ,-2.8829 ,-1.0199 ,8.6496 ,
2.0000 ,8.7094 ,0.7394 ,-6.9105 ,-6.0941 ,-1.0479 ,8.6461 ,
2.0000 ,8.7090 ,0.7429 ,-7.1921 ,-6.7383 ,-1.0903 ,8.6405 ,
2.0000 ,8.7088 ,0.7206 ,-7.0438 ,-6.0941 ,-1.0680 ,8.6431 ,
1.0000 ,8.5443 ,0.4284 ,-8.3188 ,-8.0275 ,-1.2362 ,8.4544 ,
1.0000 ,8.5338 ,0.4328 ,-8.9939 ,-6.0941 ,-1.3341 ,8.4289 ,
1.0000 ,8.5321 ,0.4309 ,-8.4951 ,-8.6745 ,-1.2604 ,8.4385 ,
1.0000 ,8.5311 ,0.4434 ,-8.0880 ,-6.0941 ,-1.2003 ,8.4463 ,
1.0000 ,8.5310 ,0.4346 ,-8.3573 ,-4.8060 ,-1.2400 ,8.4404 ,
1.0000 ,8.5310 ,0.4409 ,-7.7698 ,-8.6745 ,-1.1533 ,8.4527 ,
1.0000 ,8.5308 ,0.4414 ,-8.2637 ,-9.3227 ,-1.2261 ,8.4422 ,
1.0000 ,8.5307 ,0.4369 ,-7.9034 ,-6.7383 ,-1.1730 ,8.4497 ,
1.0000 ,8.5306 ,0.4347 ,-8.2807 ,-8.0275 ,-1.2286 ,8.4417 ,
1.0000 ,8.5280 ,0.4447 ,-8.1155 ,-8.0275 ,-1.2039 ,8.4425 ,
0.0000 ,0.9718 ,0.2673 ,15.8284 ,15.2236 ,0.2651 ,0.9350 ,
0.0000 ,0.9715 ,0.2707 ,15.9242 ,16.0393 ,0.2665 ,0.9342 ,
0.0000 ,0.9707 ,0.2829 ,15.5165 ,15.8861 ,0.2597 ,0.9354 ,
0.0000 ,0.9707 ,0.2719 ,16.0510 ,15.2236 ,0.2684 ,0.9328 ,
0.0000 ,0.9705 ,0.2837 ,15.6343 ,14.5611 ,0.2616 ,0.9346 ,
0.0000 ,0.9704 ,0.2740 ,15.4641 ,14.5611 ,0.2587 ,0.9352 ,
0.0000 ,0.9703 ,0.2758 ,14.9183 ,14.5592 ,0.2498 ,0.9376 ,
0.0000 ,0.9703 ,0.2772 ,15.7975 ,14.5611 ,0.2642 ,0.9336 ,
0.0000 ,0.9703 ,0.2716 ,15.8150 ,15.8861 ,0.2644 ,0.9335 ,
0.0000 ,0.0000 ,0.0000 ,0.0000 ,0.0000 ,0.2529 ,0.9362 ,
0.0000 ,0.0000 ,0.0000 ,0.0000 ,0.0000 ,12.9718 ,25.9436 ,
0.0000 ,0.0000 ,0.0000 ,0.0000 ,0.0000 ,-12.9718 ,25.9436 ,

4.0000 ,15.4550 ,0.2537 ,10.9187 ,0.3985 ,2.9274 ,15.1752 ,
4.0000 ,15.4535 ,0.2780 ,11.3571 ,0.3210 ,3.0431 ,15.1509 ,
4.0000 ,15.4534 ,0.2597 ,12.6103 ,-3.5241 ,3.3738 ,15.0806 ,
4.0000 ,15.4533 ,0.2707 ,11.5821 ,-0.3192 ,3.1026 ,15.1386 ,
4.0000 ,15.4528 ,0.2563 ,11.9444 ,0.9612 ,3.1982 ,15.1182 ,
4.0000 ,15.4528 ,0.2557 ,11.0661 ,9.3227 ,2.9660 ,15.1655 ,
4.0000 ,15.4523 ,0.2672 ,12.0387 ,17.2239 ,3.2229 ,15.1125 ,
4.0000 ,15.4521 ,0.2474 ,12.6275 ,6.0922 ,3.3780 ,15.0784 ,
4.0000 ,15.4518 ,0.2498 ,11.5027 ,4.1639 ,3.0813 ,15.1414 ,
4.0000 ,15.4511 ,0.2690 ,10.9505 ,1.6016 ,2.9351 ,15.1698 ,
3.0000 ,14.7623 ,1.0000 ,2.1847 ,2.2421 ,0.5627 ,14.7516 ,
3.0000 ,14.7622 ,1.0000 ,1.9303 ,2.2421 ,0.4972 ,14.7539 ,
3.0000 ,14.7622 ,1.0000 ,1.9154 ,2.8811 ,0.4934 ,14.7540 ,
3.0000 ,14.7621 ,1.0000 ,2.1822 ,2.2421 ,0.5621 ,14.7514 ,
3.0000 ,14.7620 ,1.0000 ,2.0081 ,3.5222 ,0.5173 ,14.7530 ,
3.0000 ,14.7620 ,1.0000 ,1.8465 ,1.6016 ,0.4757 ,14.7543 ,
3.0000 ,14.7618 ,1.0000 ,1.9407 ,2.2421 ,0.4999 ,14.7534 ,
3.0000 ,14.7618 ,1.0000 ,1.9367 ,1.6016 ,0.4989 ,14.7534 ,
3.0000 ,14.7618 ,1.0000 ,1.9953 ,4.1639 ,0.5140 ,14.7529 ,
3.0000 ,14.7617 ,1.0000 ,2.1108 ,2.8811 ,0.5437 ,14.7517 ,
2.0000 ,8.7104 ,0.7518 ,-7.0438 ,-6.7383 ,-1.0681 ,8.6446 ,
2.0000 ,8.7096 ,0.7239 ,-7.0758 ,-7.3834 ,-1.0729 ,8.6433 ,
2.0000 ,8.7094 ,0.7474 ,-7.1137 ,-6.0941 ,-1.0786 ,8.6424 ,
2.0000 ,8.7094 ,0.7422 ,-7.3699 ,-8.0275 ,-1.1172 ,8.6375 ,
2.0000 ,8.7093 ,0.7353 ,-6.8177 ,-8.0275 ,-1.0339 ,8.6477 ,
2.0000 ,8.7093 ,0.7413 ,-7.1372 ,-6.7383 ,-1.0821 ,8.6418 ,
2.0000 ,8.7092 ,0.7384 ,-7.0059 ,-6.0941 ,-1.0623 ,8.6442 ,
2.0000 ,8.7092 ,0.7394 ,-7.0903 ,-6.0941 ,-1.0750 ,8.6426 ,
2.0000 ,8.7091 ,0.7336 ,-7.0903 ,-8.0275 ,-1.0750 ,8.6425 ,
2.0000 ,8.7087 ,0.7485 ,-7.1137 ,-6.7383 ,-1.0785 ,8.6417 ,
1.0000 ,8.5474 ,0.4343 ,-8.9939 ,-8.6745 ,-1.3362 ,8.4423 ,
1.0000 ,8.5342 ,0.4411 ,-7.6553 ,-8.0275 ,-1.1369 ,8.4581 ,
1.0000 ,8.5308 ,0.4343 ,-8.4545 ,-7.3834 ,-1.2542 ,8.4380 ,
1.0000 ,8.5305 ,0.4314 ,-8.1155 ,-6.7383 ,-1.2042 ,8.4451 ,
1.0000 ,8.5304 ,0.4490 ,-7.9439 ,-8.0275 ,-1.1789 ,8.4485 ,
1.0000 ,8.5300 ,0.4312 ,-8.2297 ,-6.7383 ,-1.2210 ,8.4421 ,
1.0000 ,8.5299 ,0.4455 ,-8.2872 ,-7.3834 ,-1.2295 ,8.4408 ,
1.0000 ,8.5295 ,0.4440 ,-8.1260 ,-8.0275 ,-1.2057 ,8.4439 ,
1.0000 ,8.5290 ,0.4378 ,-8.8073 ,-7.3815 ,-1.3059 ,8.4284 ,
1.0000 ,8.5271 ,0.4399 ,-8.5332 ,-8.0275 ,-1.2653 ,8.4327 ,
0.0000 ,0.9715 ,0.2758 ,16.0443 ,16.5529 ,0.2685 ,0.9337 ,
0.0000 ,0.9703 ,0.2753 ,15.5032 ,14.5611 ,0.2593 ,0.9350 ,
0.0000 ,0.9702 ,0.2700 ,15.6168 ,14.5611 ,0.2612 ,0.9344 ,
0.0000 ,0.9702 ,0.2777 ,15.5556 ,15.2216 ,0.2602 ,0.9346 ,
0.0000 ,0.9701 ,0.2790 ,15.8001 ,14.5611 ,0.2641 ,0.9334 ,
0.0000 ,0.9700 ,0.2816 ,16.2584 ,14.5611 ,0.2716 ,0.9312 ,
0.0000 ,0.9697 ,0.2746 ,15.5752 ,15.2216 ,0.2604 ,0.9341 ,
0.0000 ,0.9695 ,0.2850 ,15.3860 ,15.2216 ,0.2572 ,0.9347 ,
0.0000 ,0.9692 ,0.2745 ,15.8042 ,13.9007 ,0.2640 ,0.9326 ,
0.0000 ,0.0000 ,0.0000 ,0.0000 ,0.0000 ,0.2690 ,0.9309 ,
0.0000 ,0.0000 ,0.0000 ,0.0000 ,0.0000 ,12.9718 ,25.9436 ,
0.0000 ,0.0000 ,0.0000 ,0.0000 ,0.0000 ,-12.9718 ,25.9436 ,

4.0000 ,15.4547 ,0.2664 ,12.3738 ,17.2219 ,3.3118 ,15.0957 ,
4.0000 ,15.4542 ,0.2691 ,10.7881 ,2.8811 ,2.8927 ,15.1810 ,
4.0000 ,15.4537 ,0.2617 ,12.0944 ,15.8861 ,3.2379 ,15.1107 ,
4.0000 ,15.4534 ,0.2685 ,12.4854 ,15.8881 ,3.3409 ,15.0880 ,
4.0000 ,15.4534 ,0.2518 ,12.5519 ,-4.1658 ,3.3584 ,15.0840 ,
4.0000 ,15.4533 ,0.2680 ,11.6119 ,15.2216 ,3.1105 ,15.1370 ,
4.0000 ,15.4528 ,0.2462 ,12.4813 ,1.6016 ,3.3397 ,15.0876 ,
4.0000 ,15.4515 ,0.2628 ,11.6185 ,4.1658 ,3.1118 ,15.1349 ,
4.0000 ,15.4515 ,0.2525 ,12.7672 ,4.8079 ,3.4146 ,15.0695 ,
4.0000 ,15.4511 ,0.2532 ,12.1329 ,10.6246 ,3.2475 ,15.1059 ,
3.0000 ,14.7620 ,1.0000 ,1.8738 ,1.6016 ,0.4827 ,14.7541 ,
3.0000 ,14.7620 ,1.0000 ,1.9407 ,2.8811 ,0.4999 ,14.7535 ,
3.0000 ,14.7620 ,1.0000 ,1.9576 ,3.5222 ,0.5043 ,14.7534 ,
3.0000 ,14.7619 ,1.0000 ,2.1822 ,3.5222 ,0.5621 ,14.7512 ,
3.0000 ,14.7618 ,1.0000 ,2.1108 ,3.5222 ,0.5437 ,14.7518 ,
3.0000 ,14.7618 ,1.0000 ,2.0017 ,1.6016 ,0.5156 ,14.7528 ,
3.0000 ,14.7617 ,1.0000 ,2.0394 ,2.8811 ,0.5253 ,14.7524 ,
3.0000 ,14.7617 ,1.0000 ,1.9809 ,2.2421 ,0.5102 ,14.7528 ,
3.0000 ,14.7616 ,1.0000 ,1.9705 ,2.2421 ,0.5076 ,14.7529 ,
3.0000 ,14.7614 ,1.0000 ,2.1822 ,2.3354 ,0.5621 ,14.7507 ,
2.0000 ,8.7105 ,0.7440 ,-6.6336 ,-8.0275 ,-1.0062 ,8.6522 ,
2.0000 ,8.7098 ,0.7375 ,-7.1137 ,-6.7383 ,-1.0786 ,8.6427 ,
2.0000 ,8.7096 ,0.7516 ,-6.7668 ,-6.7383 ,-1.0262 ,8.6489 ,
2.0000 ,8.7095 ,0.7386 ,-7.1622 ,-7.1162 ,-1.0859 ,8.6416 ,
2.0000 ,8.7094 ,0.7291 ,-6.9550 ,-8.0275 ,-1.0546 ,8.6453 ,
2.0000 ,8.7094 ,0.7403 ,-7.1791 ,-8.6745 ,-1.0884 ,8.6411 ,
2.0000 ,8.7091 ,0.7537 ,-7.3844 ,-6.7383 ,-1.1193 ,8.6368 ,
2.0000 ,8.7089 ,0.7275 ,-7.2785 ,-6.7383 ,-1.1034 ,8.6387 ,
2.0000 ,8.7085 ,0.7534 ,-6.9849 ,-6.7383 ,-1.0590 ,8.6439 ,
2.0000 ,8.7081 ,0.7371 ,-7.4119 ,-6.7383 ,-1.1234 ,8.6353 ,
1.0000 ,8.5363 ,0.4313 ,-8.8048 ,-6.7383 ,-1.3067 ,8.4358 ,
1.0000 ,8.5343 ,0.4371 ,-8.7943 ,-7.3834 ,-1.3048 ,8.4340 ,
1.0000 ,8.5338 ,0.4430 ,-8.1195 ,-7.3834 ,-1.2053 ,8.4482 ,
1.0000 ,8.5336 ,0.4536 ,-8.7181 ,-6.6100 ,-1.2935 ,8.4350 ,
1.0000 ,8.5312 ,0.4459 ,-8.2913 ,-6.7383 ,-1.2302 ,8.4421 ,
1.0000 ,8.5294 ,0.4426 ,-8.2427 ,-7.3834 ,-1.2228 ,8.4413 ,
1.0000 ,8.5294 ,0.4387 ,-8.3954 ,-8.0294 ,-1.2453 ,8.4380 ,
1.0000 ,8.5292 ,0.4485 ,-8.4165 ,-6.7383 ,-1.2484 ,8.4374 ,
1.0000 ,8.5272 ,0.4519 ,-8.2021 ,-8.6745 ,-1.2165 ,8.4400 ,
1.0000 ,8.5269 ,0.4540 ,-8.8008 ,-7.3834 ,-1.3046 ,8.4265 ,
0.0000 ,0.9697 ,0.2672 ,15.8784 ,15.2216 ,0.2653 ,0.9327 ,
0.0000 ,0.9697 ,0.2712 ,15.2878 ,15.8861 ,0.2557 ,0.9353 ,
0.0000 ,0.9691 ,0.2809 ,15.5489 ,14.5611 ,0.2598 ,0.9336 ,
0.0000 ,0.9690 ,0.2782 ,15.9876 ,14.9815 ,0.2669 ,0.9316 ,
0.0000 ,0.9690 ,0.2705 ,16.1887 ,14.7973 ,0.2702 ,0.9306 ,
0.0000 ,0.9689 ,0.2820 ,15.4075 ,13.9007 ,0.2574 ,0.9340 ,
0.0000 ,0.9685 ,0.2760 ,15.7584 ,13.9007 ,0.2630 ,0.9321 ,
0.0000 ,0.9684 ,0.2791 ,15.3834 ,14.5611 ,0.2569 ,0.9337 ,
0.0000 ,0.9682 ,0.2751 ,15.5165 ,12.5853 ,0.2590 ,0.9329 ,
0.0000 ,0.0000 ,0.0000 ,0.0000 ,0.0000 ,0.2589 ,0.9321 ,
0.0000 ,0.0000 ,0.0000 ,0.0000 ,0.0000 ,12.9718 ,25.9436 ,
0.0000 ,0.0000 ,0.0000 ,0.0000 ,0.0000 ,-12.9718 ,25.9436 ,

4.0000 ,15.4547 ,0.2464 ,11.8994 ,0.9612 ,3.1867 ,15.1226 ,
4.0000 ,15.4537 ,0.2557 ,12.0878 ,-1.5997 ,3.2362 ,15.1110 ,
4.0000 ,15.4533 ,0.2426 ,11.5861 ,5.4488 ,3.1037 ,15.1384 ,
4.0000 ,15.4533 ,0.2515 ,11.7986 ,0.9594 ,3.1598 ,15.1268 ,
4.0000 ,15.4526 ,0.2457 ,11.8994 ,9.3227 ,3.1862 ,15.1206 ,
4.0000 ,15.4525 ,0.2516 ,11.9166 ,-0.3192 ,3.1908 ,15.1195 ,
4.0000 ,15.4525 ,0.2529 ,10.9162 ,8.6764 ,2.9263 ,15.1729 ,
4.0000 ,15.4516 ,0.2454 ,11.8969 ,-0.3210 ,3.1854 ,15.1197 ,
4.0000 ,15.4513 ,0.2372 ,12.3352 ,4.8060 ,3.3009 ,15.0946 ,
4.0000 ,15.4507 ,0.2438 ,13.1938 ,6.7383 ,3.5266 ,15.0428 ,
3.0000 ,14.7619 ,1.0000 ,1.7895 ,1.6016 ,0.4610 ,14.7547 ,
3.0000 ,14.7617 ,1.0000 ,2.0419 ,3.5222 ,0.5260 ,14.7523 ,
3.0000 ,14.7617 ,1.0000 ,1.7623 ,2.8811 ,0.4540 ,14.7547 ,
3.0000 ,14.7616 ,1.0000 ,2.1614 ,2.2421 ,0.5567 ,14.7511 ,
3.0000 ,14.7616 ,1.0000 ,2.1405 ,2.2421 ,0.5514 ,14.7513 ,
3.0000 ,14.7616 ,1.0000 ,1.9680 ,3.5222 ,0.5069 ,14.7529 ,
3.0000 ,14.7615 ,1.0000 ,2.0017 ,3.5222 ,0.5156 ,14.7525 ,
3.0000 ,14.7615 ,1.0000 ,2.0860 ,3.5222 ,0.5373 ,14.7517 ,
3.0000 ,14.7614 ,1.0000 ,1.9913 ,1.6016 ,0.5129 ,14.7525 ,
3.0000 ,14.7613 ,1.0000 ,1.9640 ,1.6016 ,0.5059 ,14.7527 ,
2.0000 ,8.7097 ,0.7298 ,-6.9679 ,-6.7383 ,-1.0566 ,8.6454 ,
2.0000 ,8.7093 ,0.7488 ,-7.3675 ,-8.6745 ,-1.1168 ,8.6374 ,
2.0000 ,8.7090 ,0.7313 ,-6.5513 ,-6.0941 ,-0.9936 ,8.6522 ,
2.0000 ,8.7090 ,0.7371 ,-6.9380 ,-6.0941 ,-1.0520 ,8.6452 ,
2.0000 ,8.7087 ,0.7295 ,-6.9105 ,-6.7383 ,-1.0478 ,8.6455 ,
2.0000 ,8.7087 ,0.7366 ,-7.1582 ,-8.0275 ,-1.0852 ,8.6408 ,
2.0000 ,8.7083 ,0.7300 ,-7.0333 ,-8.0275 ,-1.0663 ,8.6427 ,
2.0000 ,8.7079 ,0.7304 ,-7.1517 ,-8.0275 ,-1.0841 ,8.6401 ,
2.0000 ,8.7079 ,0.7361 ,-7.2535 ,-6.0941 ,-1.0995 ,8.6382 ,
2.0000 ,8.7078 ,0.7326 ,-7.1582 ,-8.0275 ,-1.0851 ,8.6399 ,
1.0000 ,8.5445 ,0.4334 ,-9.4492 ,-7.3834 ,-1.4028 ,8.4286 ,
1.0000 ,8.5336 ,0.4409 ,-8.6459 ,-6.7383 ,-1.2828 ,8.4367 ,
1.0000 ,8.5313 ,0.4321 ,-8.4570 ,-8.6745 ,-1.2547 ,8.4386 ,
1.0000 ,8.5295 ,0.4374 ,-8.4400 ,-6.7383 ,-1.2519 ,8.4371 ,
1.0000 ,8.5292 ,0.4435 ,-8.6905 ,-6.2708 ,-1.2887 ,8.4313 ,
1.0000 ,8.5288 ,0.4368 ,-8.3614 ,-6.7383 ,-1.2402 ,8.4382 ,
1.0000 ,8.5287 ,0.4331 ,-9.2639 ,-7.3834 ,-1.3730 ,8.4175 ,
1.0000 ,8.5279 ,0.4464 ,-8.8454 ,-8.0275 ,-1.3113 ,8.4265 ,
1.0000 ,8.5277 ,0.4345 ,-8.5161 ,-8.6745 ,-1.2628 ,8.4336 ,
1.0000 ,8.5269 ,0.4481 ,-8.8284 ,-8.0294 ,-1.3087 ,8.4259 ,
0.0000 ,0.9690 ,0.2674 ,15.6035 ,-21.9822 ,0.2607 ,0.9333 ,
0.0000 ,0.9687 ,0.2691 ,15.7234 ,-23.3678 ,0.2625 ,0.9324 ,
0.0000 ,0.9683 ,0.2783 ,16.1753 ,-22.6742 ,0.2697 ,0.9300 ,
0.0000 ,0.9681 ,0.2760 ,15.6276 ,-23.3698 ,0.2608 ,0.9323 ,
0.0000 ,0.9677 ,0.2708 ,15.6668 ,-26.1905 ,0.2613 ,0.9317 ,
0.0000 ,0.9675 ,0.2847 ,15.6801 ,-22.6742 ,0.2615 ,0.9315 ,
0.0000 ,0.9670 ,0.2671 ,15.2421 ,13.9007 ,0.2542 ,0.9330 ,
0.0000 ,0.9669 ,0.2753 ,15.7409 ,-21.9822 ,0.2623 ,0.9306 ,
0.0000 ,0.9668 ,0.2704 ,15.3577 ,-20.6080 ,0.2561 ,0.9323 ,
0.0000 ,0.0000 ,0.0000 ,0.0000 ,0.0000 ,0.2518 ,0.9328 ,
0.0000 ,0.0000 ,0.0000 ,0.0000 ,0.0000 ,12.9718 ,25.9436 ,
0.0000 ,0.0000 ,0.0000 ,0.0000 ,0.0000 ,-12.9718 ,25.9436 ,

4.0000 ,15.4548 ,0.2556 ,11.8240 ,6.0922 ,3.1668 ,15.1269 ,
4.0000 ,15.4539 ,0.2547 ,11.9895 ,1.6016 ,3.2103 ,15.1168 ,
4.0000 ,15.4538 ,0.2611 ,12.6103 ,8.6745 ,3.3738 ,15.0810 ,
4.0000 ,15.4536 ,0.2487 ,12.2901 ,0.9612 ,3.2895 ,15.0994 ,
4.0000 ,15.4534 ,0.2438 ,11.8969 ,6.0941 ,3.1857 ,15.1215 ,
4.0000 ,15.4531 ,0.2532 ,11.1388 ,2.2402 ,2.9853 ,15.1620 ,
4.0000 ,15.4530 ,0.2655 ,11.2287 ,4.8079 ,3.0091 ,15.1572 ,
4.0000 ,15.4529 ,0.2628 ,11.9444 ,0.9612 ,3.1982 ,15.1183 ,
4.0000 ,15.4525 ,0.2545 ,12.1051 ,0.9612 ,3.2405 ,15.1089 ,
4.0000 ,15.4522 ,0.2410 ,11.8994 ,8.0275 ,3.1861 ,15.1202 ,
3.0000 ,14.7620 ,1.0000 ,1.8192 ,2.8811 ,0.4686 ,14.7545 ,
3.0000 ,14.7619 ,1.0000 ,2.0731 ,3.5222 ,0.5340 ,14.7522 ,
3.0000 ,14.7617 ,1.0000 ,1.8569 ,2.8811 ,0.4783 ,14.7540 ,
3.0000 ,14.7617 ,1.0000 ,2.1341 ,2.2421 ,0.5497 ,14.7515 ,
3.0000 ,14.7617 ,1.0000 ,1.9303 ,3.5222 ,0.4972 ,14.7533 ,
3.0000 ,14.7616 ,1.0000 ,2.0121 ,2.8811 ,0.5183 ,14.7525 ,
3.0000 ,14.7615 ,1.0000 ,2.0667 ,3.5222 ,0.5323 ,14.7519 ,
3.0000 ,14.7615 ,1.0000 ,2.0394 ,2.2421 ,0.5253 ,14.7521 ,
3.0000 ,14.7614 ,1.0000 ,1.8882 ,2.2421 ,0.4864 ,14.7534 ,
3.0000 ,14.7614 ,1.0000 ,2.0290 ,3.5222 ,0.5226 ,14.7521 ,
2.0000 ,8.7102 ,0.7405 ,-7.0927 ,-7.3815 ,-1.0755 ,8.6435 ,
2.0000 ,8.7092 ,0.7239 ,-7.0228 ,-6.7383 ,-1.0648 ,8.6439 ,
2.0000 ,8.7089 ,0.7367 ,-7.3085 ,-8.0275 ,-1.1079 ,8.6382 ,
2.0000 ,8.7089 ,0.7460 ,-6.9550 ,-7.3815 ,-1.0545 ,8.6448 ,
2.0000 ,8.7087 ,0.7335 ,-7.0099 ,-6.7383 ,-1.0628 ,8.6436 ,
2.0000 ,8.7087 ,0.7452 ,-7.3949 ,-6.7383 ,-1.1209 ,8.6363 ,
2.0000 ,8.7084 ,0.7325 ,-6.8936 ,-6.0941 ,-1.0452 ,8.6455 ,
2.0000 ,8.7080 ,0.7446 ,-7.0693 ,-6.7383 ,-1.0717 ,8.6418 ,
2.0000 ,8.7079 ,0.7263 ,-7.3505 ,-8.0275 ,-1.1141 ,8.6363 ,
2.0000 ,8.7075 ,0.7163 ,-6.9994 ,-6.7383 ,-1.0611 ,8.6426 ,
1.0000 ,8.5339 ,0.4361 ,-8.1916 ,-8.0275 ,-1.2159 ,8.4468 ,
1.0000 ,8.5336 ,0.4342 ,-8.2767 ,-9.3227 ,-1.2285 ,8.4447 ,
1.0000 ,8.5331 ,0.4389 ,-7.9689 ,-6.7383 ,-1.1830 ,8.4507 ,
1.0000 ,8.5325 ,0.4217 ,-8.5843 ,-9.3227 ,-1.2736 ,8.4370 ,
1.0000 ,8.5324 ,0.4428 ,-8.7627 ,-7.3815 ,-1.2999 ,8.4328 ,
1.0000 ,8.5278 ,0.4249 ,-9.0195 ,-6.7383 ,-1.3369 ,8.4223 ,
1.0000 ,8.5272 ,0.4348 ,-8.6880 ,-6.7383 ,-1.2881 ,8.4293 ,
1.0000 ,8.5270 ,0.4316 ,-8.2767 ,-8.6745 ,-1.2275 ,8.4382 ,
1.0000 ,8.5262 ,0.4439 ,-8.1325 ,-7.3815 ,-1.2061 ,8.4405 ,
1.0000 ,8.5260 ,0.4413 ,-8.8625 ,-6.7364 ,-1.3136 ,8.4242 ,
0.0000 ,0.9689 ,0.2679 ,16.3921 ,15.8861 ,0.2734 ,0.9295 ,
0.0000 ,0.9687 ,0.2723 ,16.1253 ,-25.4772 ,0.2690 ,0.9306 ,
0.0000 ,0.9685 ,0.2805 ,15.9175 ,13.9007 ,0.2656 ,0.9314 ,
0.0000 ,0.9685 ,0.2645 ,15.7692 ,-26.1905 ,0.2632 ,0.9320 ,
0.0000 ,0.9682 ,0.2718 ,15.6318 ,-24.7722 ,0.2609 ,0.9324 ,
0.0000 ,0.9679 ,0.2677 ,15.0486 ,-24.7701 ,0.2513 ,0.9347 ,
0.0000 ,0.9673 ,0.2695 ,15.9984 ,15.8861 ,0.2666 ,0.9299 ,
0.0000 ,0.9673 ,0.2717 ,15.6842 ,-24.7701 ,0.2615 ,0.9313 ,
0.0000 ,0.9670 ,0.2745 ,15.4075 ,-20.6060 ,0.2569 ,0.9322 ,
0.0000 ,0.0000 ,0.0000 ,0.0000 ,0.0000 ,0.2522 ,0.9325 ,
0.0000 ,0.0000 ,0.0000 ,0.0000 ,0.0000 ,12.9718 ,25.9436 ,
0.0000 ,0.0000 ,0.0000 ,0.0000 ,0.0000 ,-12.9718 ,25.9436 ,

4.0000 ,15.4543 ,0.2423 ,12.4788 ,11.9302 ,3.3393 ,15.0892 ,
4.0000 ,15.4540 ,0.2644 ,12.3393 ,2.2421 ,3.3025 ,15.0970 ,
4.0000 ,15.4538 ,0.2538 ,11.7536 ,6.0922 ,3.1480 ,15.1298 ,
4.0000 ,15.4536 ,0.2561 ,11.7814 ,-0.3192 ,3.1553 ,15.1281 ,
4.0000 ,15.4534 ,0.2557 ,12.1502 ,-0.9612 ,3.2526 ,15.1073 ,
4.0000 ,15.4533 ,0.2571 ,12.0493 ,6.0922 ,3.2259 ,15.1129 ,
4.0000 ,15.4530 ,0.2577 ,11.8240 ,3.5222 ,3.1664 ,15.1251 ,
4.0000 ,15.4519 ,0.2528 ,12.1502 ,6.0941 ,3.2522 ,15.1058 ,
4.0000 ,15.4519 ,0.2599 ,11.1903 ,6.0941 ,2.9987 ,15.1581 ,
4.0000 ,15.4513 ,0.2538 ,11.7683 ,2.8829 ,3.1514 ,15.1266 ,
3.0000 ,14.7619 ,1.0000 ,2.1004 ,2.2421 ,0.5410 ,14.7520 ,
3.0000 ,14.7618 ,1.0000 ,2.1822 ,1.6016 ,0.5621 ,14.7511 ,
3.0000 ,14.7618 ,1.0000 ,2.1886 ,2.2421 ,0.5637 ,14.7510 ,
3.0000 ,14.7617 ,1.0000 ,1.8946 ,2.8811 ,0.4880 ,14.7537 ,
3.0000 ,14.7617 ,1.0000 ,2.0354 ,2.2421 ,0.5243 ,14.7524 ,
3.0000 ,14.7616 ,1.0000 ,2.0419 ,2.2421 ,0.5259 ,14.7522 ,
3.0000 ,14.7615 ,1.0000 ,2.1341 ,2.8811 ,0.5497 ,14.7513 ,
3.0000 ,14.7614 ,1.0000 ,2.0667 ,2.2421 ,0.5323 ,14.7518 ,
3.0000 ,14.7612 ,1.0000 ,2.0562 ,3.5222 ,0.5296 ,14.7517 ,
3.0000 ,14.7612 ,1.0000 ,2.0523 ,2.8829 ,0.5286 ,14.7517 ,
2.0000 ,8.7091 ,0.7260 ,-7.0693 ,-8.0275 ,-1.0718 ,8.6429 ,
2.0000 ,8.7090 ,0.7388 ,-7.1307 ,-6.7383 ,-1.0811 ,8.6416 ,
2.0000 ,8.7088 ,0.7344 ,-6.8282 ,-8.0275 ,-1.0354 ,8.6470 ,
2.0000 ,8.7087 ,0.7512 ,-7.1622 ,-8.0275 ,-1.0858 ,8.6408 ,
2.0000 ,8.7087 ,0.7343 ,-6.8686 ,-8.0275 ,-1.0415 ,8.6462 ,
2.0000 ,8.7086 ,0.7309 ,-7.2640 ,-6.7383 ,-1.1011 ,8.6387 ,
2.0000 ,8.7082 ,0.7536 ,-7.2575 ,-6.7364 ,-1.1001 ,8.6385 ,
2.0000 ,8.7082 ,0.7293 ,-7.2026 ,-8.0275 ,-1.0918 ,8.6395 ,
2.0000 ,8.7082 ,0.7367 ,-7.2406 ,-6.7383 ,-1.0975 ,8.6387 ,
2.0000 ,8.7075 ,0.7263 ,-6.8177 ,-6.0941 ,-1.0337 ,8.6459 ,
1.0000 ,8.5367 ,0.4250 ,-8.2192 ,-6.0941 ,-1.2204 ,8.4490 ,
1.0000 ,8.5354 ,0.4426 ,-8.5908 ,-9.3227 ,-1.2750 ,8.4396 ,
1.0000 ,8.5352 ,0.4389 ,-8.1851 ,-7.3834 ,-1.2152 ,8.4483 ,
1.0000 ,8.5344 ,0.4426 ,-8.6775 ,-8.6745 ,-1.2876 ,8.4367 ,
1.0000 ,8.5341 ,0.4338 ,-8.2872 ,-6.0941 ,-1.2301 ,8.4450 ,
1.0000 ,8.5340 ,0.4363 ,-8.3849 ,-6.7383 ,-1.2445 ,8.4428 ,
1.0000 ,8.5333 ,0.4516 ,-8.4846 ,-7.3815 ,-1.2590 ,8.4399 ,
1.0000 ,8.5296 ,0.4336 ,-8.2597 ,-7.3815 ,-1.2254 ,8.4411 ,
1.0000 ,8.5289 ,0.4245 ,-8.7076 ,-7.3815 ,-1.2912 ,8.4306 ,
1.0000 ,8.5283 ,0.4337 ,-8.2322 ,-8.0275 ,-1.2211 ,8.4404 ,
0.0000 ,0.9692 ,0.2740 ,15.3120 ,-22.6722 ,0.2560 ,0.9348 ,
0.0000 ,0.9682 ,0.2792 ,15.5381 ,-24.7722 ,0.2594 ,0.9328 ,
0.0000 ,0.9681 ,0.2736 ,15.6601 ,-24.7722 ,0.2613 ,0.9322 ,
0.0000 ,0.9680 ,0.2791 ,15.1358 ,-24.7701 ,0.2527 ,0.9344 ,
0.0000 ,0.9679 ,0.2737 ,15.2704 ,-25.4792 ,0.2549 ,0.9337 ,
0.0000 ,0.9679 ,0.2753 ,15.5032 ,-24.0691 ,0.2587 ,0.9327 ,
0.0000 ,0.9678 ,0.2708 ,15.7059 ,13.9007 ,0.2620 ,0.9317 ,
0.0000 ,0.9674 ,0.2724 ,15.1333 ,-25.4772 ,0.2525 ,0.9338 ,
0.0000 ,0.9673 ,0.2713 ,16.0268 ,-26.1884 ,0.2670 ,0.9297 ,
0.0000 ,0.0000 ,0.0000 ,0.0000 ,0.0000 ,0.2571 ,0.9321 ,
0.0000 ,0.0000 ,0.0000 ,0.0000 ,0.0000 ,12.9718 ,25.9436 ,
0.0000 ,0.0000 ,0.0000 ,0.0000 ,0.0000 ,-12.9718 ,25.9436 ,

4.0000 ,15.4541 ,0.2626 ,11.8969 ,3.5222 ,3.1859 ,15.1222 ,
4.0000 ,15.4538 ,0.2493 ,11.9723 ,4.8079 ,3.2057 ,15.1176 ,
4.0000 ,15.4538 ,0.2486 ,11.0767 ,3.5222 ,2.9690 ,15.1659 ,
4.0000 ,15.4535 ,0.2413 ,12.0346 ,14.5592 ,3.2221 ,15.1139 ,
4.0000 ,15.4530 ,0.2630 ,11.6013 ,4.8079 ,3.1076 ,15.1373 ,
4.0000 ,15.4528 ,0.2652 ,11.9100 ,4.1639 ,3.1891 ,15.1202 ,
4.0000 ,15.4528 ,0.2476 ,12.5585 ,5.4507 ,3.3600 ,15.0831 ,
4.0000 ,15.4522 ,0.2525 ,12.4468 ,-2.8811 ,3.3305 ,15.0890 ,
4.0000 ,15.4520 ,0.2451 ,12.5692 ,-0.3210 ,3.3626 ,15.0817 ,
4.0000 ,15.4519 ,0.2562 ,12.3499 ,2.8811 ,3.3049 ,15.0944 ,
3.0000 ,14.7619 ,1.0000 ,1.9913 ,2.8811 ,0.5129 ,14.7530 ,
3.0000 ,14.7619 ,1.0000 ,1.8842 ,2.8811 ,0.4854 ,14.7539 ,
3.0000 ,14.7616 ,1.0000 ,1.8609 ,2.2421 ,0.4794 ,14.7538 ,
3.0000 ,14.7616 ,1.0000 ,2.2328 ,2.8829 ,0.5751 ,14.7504 ,
3.0000 ,14.7616 ,1.0000 ,1.9680 ,2.2421 ,0.5069 ,14.7529 ,
3.0000 ,14.7616 ,1.0000 ,2.3002 ,2.2421 ,0.5925 ,14.7497 ,
3.0000 ,14.7616 ,1.0000 ,2.0795 ,1.6016 ,0.5356 ,14.7518 ,
3.0000 ,14.7615 ,1.0000 ,1.9913 ,3.5222 ,0.5129 ,14.7526 ,
3.0000 ,14.7614 ,1.0000 ,1.9680 ,2.8829 ,0.5069 ,14.7527 ,
3.0000 ,14.7614 ,1.0000 ,1.9050 ,1.6016 ,0.4907 ,14.7532 ,
2.0000 ,8.7094 ,0.7379 ,-7.0927 ,-6.7383 ,-1.0754 ,8.6428 ,
2.0000 ,8.7092 ,0.7407 ,-7.1137 ,-6.7383 ,-1.0785 ,8.6421 ,
2.0000 ,8.7090 ,0.7340 ,-7.2745 ,-6.0941 ,-1.1028 ,8.6389 ,
2.0000 ,8.7090 ,0.7332 ,-7.2261 ,-7.3834 ,-1.0955 ,8.6398 ,
2.0000 ,8.7088 ,0.7436 ,-7.1347 ,-6.7383 ,-1.0817 ,8.6414 ,
2.0000 ,8.7087 ,0.7477 ,-7.1372 ,-7.3834 ,-1.0820 ,8.6413 ,
2.0000 ,8.7087 ,0.7419 ,-6.7499 ,-8.0275 ,-1.0236 ,8.6483 ,
2.0000 ,8.7083 ,0.7272 ,-7.2066 ,-8.0275 ,-1.0924 ,8.6395 ,
2.0000 ,8.7082 ,0.7290 ,-7.0693 ,-6.7383 ,-1.0717 ,8.6420 ,
2.0000 ,8.7082 ,0.7397 ,-7.4394 ,-8.0275 ,-1.1275 ,8.6349 ,
1.0000 ,8.5349 ,0.4455 ,-8.2467 ,-6.7383 ,-1.2242 ,8.4467 ,
1.0000 ,8.5336 ,0.4441 ,-8.5226 ,-8.6745 ,-1.2647 ,8.4394 ,
1.0000 ,8.5311 ,0.4406 ,-8.5948 ,-6.7383 ,-1.2749 ,8.4352 ,
1.0000 ,8.5282 ,0.4470 ,-8.7457 ,-8.6745 ,-1.2967 ,8.4290 ,
1.0000 ,8.5278 ,0.4428 ,-8.5462 ,-7.3834 ,-1.2673 ,8.4331 ,
1.0000 ,8.5277 ,0.4374 ,-8.4610 ,-6.7383 ,-1.2547 ,8.4349 ,
1.0000 ,8.5274 ,0.4338 ,-8.5737 ,-8.0275 ,-1.2713 ,8.4321 ,
1.0000 ,8.5273 ,0.4394 ,-8.6670 ,-6.7383 ,-1.2850 ,8.4299 ,
1.0000 ,8.5272 ,0.4514 ,-8.6905 ,-7.3815 ,-1.2884 ,8.4293 ,
1.0000 ,8.5265 ,0.4432 ,-8.7051 ,-8.6745 ,-1.2905 ,8.4283 ,
0.0000 ,0.9683 ,0.2882 ,15.6776 ,-24.7722 ,0.2616 ,0.9322 ,
0.0000 ,0.9680 ,0.2668 ,15.4749 ,-22.6742 ,0.2583 ,0.9329 ,
0.0000 ,0.9679 ,0.2786 ,15.6060 ,-22.8734 ,0.2604 ,0.9322 ,
0.0000 ,0.9676 ,0.2826 ,15.0835 ,-23.3698 ,0.2518 ,0.9343 ,
0.0000 ,0.9675 ,0.2752 ,15.5489 ,-23.3678 ,0.2594 ,0.9321 ,
0.0000 ,0.9675 ,0.2763 ,15.3510 ,-23.3698 ,0.2561 ,0.9330 ,
0.0000 ,0.9675 ,0.2770 ,15.6343 ,-24.7701 ,0.2607 ,0.9317 ,
0.0000 ,0.9674 ,0.2737 ,15.5860 ,14.5611 ,0.2599 ,0.9319 ,
0.0000 ,0.9673 ,0.2795 ,15.3510 ,-22.6722 ,0.2561 ,0.9328 ,
0.0000 ,0.0000 ,0.0000 ,0.0000 ,0.0000 ,0.2560 ,0.9322 ,
0.0000 ,0.0000 ,0.0000 ,0.0000 ,0.0000 ,12.9718 ,25.9436 ,
0.0000 ,0.0000 ,0.0000 ,0.0000 ,0.0000 ,-12.9718 ,25.9436 ,

4.0000 ,15.4546 ,0.2443 ,12.0838 ,4.1639 ,3.2353 ,15.1122 ,
4.0000 ,15.4540 ,0.2507 ,12.2622 ,8.6764 ,3.2822 ,15.1015 ,
4.0000 ,15.4536 ,0.2601 ,10.9975 ,11.9302 ,2.9480 ,15.1698 ,
4.0000 ,15.4533 ,0.2430 ,10.9975 ,5.4488 ,2.9480 ,15.1695 ,
4.0000 ,15.4532 ,0.2491 ,12.3220 ,9.9740 ,3.2978 ,15.0972 ,
4.0000 ,15.4530 ,0.2554 ,12.1076 ,-0.9594 ,3.2412 ,15.1092 ,
4.0000 ,15.4527 ,0.2456 ,11.9617 ,3.5241 ,3.2027 ,15.1171 ,
4.0000 ,15.4525 ,0.2536 ,12.5519 ,9.9721 ,3.3582 ,15.0832 ,
4.0000 ,15.4525 ,0.2599 ,12.2019 ,4.4906 ,3.2660 ,15.1034 ,
4.0000 ,15.4515 ,0.2524 ,11.1560 ,1.6016 ,2.9896 ,15.1596 ,
3.0000 ,14.7616 ,1.0000 ,1.8842 ,1.6016 ,0.4854 ,14.7537 ,
3.0000 ,14.7616 ,1.0000 ,1.8778 ,2.2421 ,0.4837 ,14.7536 ,
3.0000 ,14.7616 ,1.0000 ,2.2873 ,2.2421 ,0.5891 ,14.7498 ,
3.0000 ,14.7615 ,1.0000 ,2.0964 ,3.5222 ,0.5400 ,14.7516 ,
3.0000 ,14.7615 ,1.0000 ,2.0731 ,2.2421 ,0.5340 ,14.7518 ,
3.0000 ,14.7614 ,1.0000 ,1.8778 ,1.6016 ,0.4837 ,14.7535 ,
3.0000 ,14.7614 ,1.0000 ,2.2392 ,2.2421 ,0.5767 ,14.7501 ,
3.0000 ,14.7613 ,1.0000 ,2.1172 ,3.5222 ,0.5453 ,14.7512 ,
3.0000 ,14.7613 ,1.0000 ,2.0458 ,3.5222 ,0.5270 ,14.7519 ,
3.0000 ,14.7613 ,1.0000 ,1.9239 ,2.8811 ,0.4956 ,14.7530 ,
2.0000 ,8.7092 ,0.7305 ,-6.8072 ,-6.0941 ,-1.0323 ,8.6478 ,
2.0000 ,8.7089 ,0.7510 ,-7.2026 ,-6.7383 ,-1.0919 ,8.6402 ,
2.0000 ,8.7088 ,0.7546 ,-6.9340 ,-6.0941 ,-1.0514 ,8.6451 ,
2.0000 ,8.7088 ,0.7400 ,-6.9614 ,-6.0941 ,-1.0555 ,8.6446 ,
2.0000 ,8.7086 ,0.7486 ,-6.8072 ,-5.4507 ,-1.0322 ,8.6472 ,
2.0000 ,8.7084 ,0.7325 ,-7.0293 ,-7.3815 ,-1.0657 ,8.6429 ,
2.0000 ,8.7083 ,0.7404 ,-7.0608 ,-8.0275 ,-1.0704 ,8.6423 ,
2.0000 ,8.7082 ,0.7315 ,-6.8556 ,-6.7364 ,-1.0395 ,8.6459 ,
2.0000 ,8.7076 ,0.7383 ,-7.2066 ,-6.7383 ,-1.0923 ,8.6388 ,
2.0000 ,8.7076 ,0.7447 ,-6.9340 ,-6.0941 ,-1.0512 ,8.6439 ,
1.0000 ,8.5334 ,0.4338 ,-8.7602 ,-8.0275 ,-1.2996 ,8.4338 ,
1.0000 ,8.5294 ,0.4469 ,-8.5397 ,-6.7383 ,-1.2666 ,8.4349 ,
1.0000 ,8.5288 ,0.4408 ,-8.5908 ,-5.4507 ,-1.2740 ,8.4331 ,
1.0000 ,8.5286 ,0.4351 ,-8.0580 ,-6.7383 ,-1.1955 ,8.4444 ,
1.0000 ,8.5286 ,0.4420 ,-8.1366 ,-6.7364 ,-1.2071 ,8.4427 ,
1.0000 ,8.5280 ,0.4369 ,-8.2767 ,-6.0941 ,-1.2276 ,8.4392 ,
1.0000 ,8.5278 ,0.4474 ,-8.2637 ,-6.7383 ,-1.2257 ,8.4393 ,
1.0000 ,8.5277 ,0.4327 ,-8.6670 ,-7.3815 ,-1.2851 ,8.4304 ,
1.0000 ,8.5268 ,0.4488 ,-8.7221 ,-8.0275 ,-1.2930 ,8.4282 ,
1.0000 ,8.5267 ,0.4445 ,-8.1981 ,-6.0941 ,-1.2159 ,8.4396 ,
0.0000 ,0.9690 ,0.2824 ,15.7975 ,15.8861 ,0.2638 ,0.9324 ,
0.0000 ,0.9688 ,0.2839 ,15.4924 ,-23.3698 ,0.2588 ,0.9336 ,
0.0000 ,0.9685 ,0.2674 ,16.3854 ,-26.9062 ,0.2732 ,0.9292 ,
0.0000 ,0.9684 ,0.2756 ,15.6909 ,-22.6722 ,0.2619 ,0.9323 ,
0.0000 ,0.9682 ,0.2753 ,15.9943 ,-29.8143 ,0.2668 ,0.9307 ,
0.0000 ,0.9680 ,0.2762 ,15.4009 ,-24.7722 ,0.2571 ,0.9332 ,
0.0000 ,0.9680 ,0.2711 ,15.8217 ,-24.0691 ,0.2639 ,0.9313 ,
0.0000 ,0.9671 ,0.2729 ,15.7584 ,-23.3678 ,0.2627 ,0.9308 ,
0.0000 ,0.9668 ,0.2704 ,15.9634 ,-26.1884 ,0.2659 ,0.9295 ,
0.0000 ,0.0000 ,0.0000 ,0.0000 ,0.0000 ,0.2571 ,0.9317 ,
0.0000 ,0.0000 ,0.0000 ,0.0000 ,0.0000 ,12.9718 ,25.9436 ,
0.0000 ,0.0000 ,0.0000 ,0.0000 ,0.0000 ,-12.9718 ,25.9436 ,

4.0000 ,15.4544 ,0.2474 ,10.8224 ,8.0275 ,2.9018 ,15.1796 ,
4.0000 ,15.4544 ,0.2409 ,10.9869 ,1.5997 ,2.9454 ,15.1711 ,
4.0000 ,15.4538 ,0.2602 ,12.6103 ,4.8079 ,3.3738 ,15.0810 ,
4.0000 ,15.4537 ,0.2473 ,12.0838 ,6.7364 ,3.2351 ,15.1113 ,
4.0000 ,15.4534 ,0.2459 ,12.4854 ,0.9594 ,3.3409 ,15.0880 ,
4.0000 ,15.4529 ,0.2550 ,11.8650 ,5.4507 ,3.1772 ,15.1228 ,
4.0000 ,15.4529 ,0.2616 ,12.2728 ,5.4507 ,3.2848 ,15.0997 ,
4.0000 ,15.4524 ,0.2534 ,11.9657 ,6.7383 ,3.2037 ,15.1167 ,
4.0000 ,15.4523 ,0.2549 ,12.3499 ,11.2767 ,3.3050 ,15.0947 ,
4.0000 ,15.4522 ,0.2531 ,11.7961 ,-4.8079 ,3.1589 ,15.1259 ,
3.0000 ,14.7618 ,1.0000 ,2.1847 ,2.2421 ,0.5627 ,14.7511 ,
3.0000 ,14.7617 ,1.0000 ,2.1549 ,3.5222 ,0.5551 ,14.7513 ,
3.0000 ,14.7617 ,1.0000 ,2.0250 ,2.2421 ,0.5216 ,14.7525 ,
3.0000 ,14.7617 ,1.0000 ,2.1614 ,1.6016 ,0.5567 ,14.7512 ,
3.0000 ,14.7616 ,1.0000 ,2.0860 ,4.1639 ,0.5373 ,14.7519 ,
3.0000 ,14.7616 ,1.0000 ,1.9367 ,3.5222 ,0.4989 ,14.7532 ,
3.0000 ,14.7616 ,1.0000 ,2.0835 ,2.8811 ,0.5367 ,14.7518 ,
3.0000 ,14.7615 ,1.0000 ,1.9511 ,2.2421 ,0.5026 ,14.7529 ,
3.0000 ,14.7614 ,1.0000 ,1.8336 ,1.6016 ,0.4723 ,14.7538 ,
3.0000 ,14.7613 ,1.0000 ,1.9848 ,2.2421 ,0.5113 ,14.7525 ,
2.0000 ,8.7102 ,0.7410 ,-6.9445 ,-6.7364 ,-1.0531 ,8.6463 ,
2.0000 ,8.7101 ,0.7400 ,-7.1622 ,-8.0275 ,-1.0860 ,8.6421 ,
2.0000 ,8.7094 ,0.7356 ,-7.5074 ,-8.0275 ,-1.1379 ,8.6347 ,
2.0000 ,8.7093 ,0.7471 ,-7.3360 ,-8.0275 ,-1.1121 ,8.6380 ,
2.0000 ,8.7088 ,0.7370 ,-7.1622 ,-8.0275 ,-1.0858 ,8.6408 ,
2.0000 ,8.7087 ,0.7533 ,-7.3505 ,-6.7383 ,-1.1142 ,8.6371 ,
2.0000 ,8.7086 ,0.7488 ,-7.3125 ,-6.7383 ,-1.1084 ,8.6378 ,
2.0000 ,8.7084 ,0.7395 ,-7.0798 ,-7.3815 ,-1.0733 ,8.6420 ,
2.0000 ,8.7083 ,0.7351 ,-7.3505 ,-6.7383 ,-1.1141 ,8.6368 ,
2.0000 ,8.7079 ,0.7410 ,-7.3570 ,-7.3834 ,-1.1150 ,8.6362 ,
1.0000 ,8.5348 ,0.4275 ,-8.5397 ,-8.6745 ,-1.2674 ,8.4402 ,
1.0000 ,8.5341 ,0.4284 ,-8.3253 ,-6.7383 ,-1.2357 ,8.4441 ,
1.0000 ,8.5292 ,0.4357 ,-8.6630 ,-6.7383 ,-1.2847 ,8.4319 ,
1.0000 ,8.5288 ,0.4392 ,-8.3528 ,-6.7383 ,-1.2390 ,8.4383 ,
1.0000 ,8.5287 ,0.4505 ,-8.1325 ,-7.3834 ,-1.2065 ,8.4429 ,
1.0000 ,8.5284 ,0.4466 ,-8.9347 ,-7.3815 ,-1.3245 ,8.4249 ,
1.0000 ,8.5284 ,0.4391 ,-8.5778 ,-7.3834 ,-1.2720 ,8.4330 ,
1.0000 ,8.5283 ,0.4465 ,-8.3488 ,-7.3815 ,-1.2383 ,8.4379 ,
1.0000 ,8.5279 ,0.4416 ,-8.4019 ,-8.6745 ,-1.2461 ,8.4364 ,
1.0000 ,8.5275 ,0.4341 ,-9.2363 ,-8.0294 ,-1.3687 ,8.4169 ,
0.0000 ,0.9684 ,0.2743 ,15.0419 ,-22.6742 ,0.2513 ,0.9352 ,
0.0000 ,0.9682 ,0.2855 ,15.7800 ,-29.0791 ,0.2633 ,0.9317 ,
0.0000 ,0.9682 ,0.2721 ,15.1748 ,-21.9822 ,0.2534 ,0.9345 ,
0.0000 ,0.9682 ,0.2721 ,15.7367 ,-19.9255 ,0.2626 ,0.9319 ,
0.0000 ,0.9679 ,0.2758 ,16.4531 ,-24.0691 ,0.2741 ,0.9283 ,
0.0000 ,0.9677 ,0.2811 ,15.3510 ,-22.6742 ,0.2562 ,0.9332 ,
0.0000 ,0.9676 ,0.2787 ,16.0201 ,-23.9511 ,0.2670 ,0.9300 ,
0.0000 ,0.9675 ,0.2803 ,15.1009 ,-24.0691 ,0.2521 ,0.9341 ,
0.0000 ,0.9672 ,0.2809 ,15.1399 ,-24.0670 ,0.2526 ,0.9336 ,
0.0000 ,0.0000 ,0.0000 ,0.0000 ,0.0000 ,0.2580 ,0.9318 ,
0.0000 ,0.0000 ,0.0000 ,0.0000 ,0.0000 ,12.9718 ,25.9436 ,
0.0000 ,0.0000 ,0.0000 ,0.0000 ,0.0000 ,-12.9718 ,25.9436 ,

4.0000 ,15.4546 ,0.2662 ,11.5927 ,7.3815 ,3.1057 ,15.1394 ,
4.0000 ,15.4542 ,0.2438 ,11.7404 ,4.8060 ,3.1446 ,15.1309 ,
4.0000 ,15.4535 ,0.2581 ,13.0168 ,1.6016 ,3.4807 ,15.0564 ,
4.0000 ,15.4533 ,0.2419 ,11.1707 ,11.9283 ,2.9938 ,15.1605 ,
4.0000 ,15.4532 ,0.2609 ,11.3808 ,17.2239 ,3.0494 ,15.1494 ,
4.0000 ,15.4527 ,0.2445 ,11.6782 ,3.1445 ,3.1278 ,15.1328 ,
4.0000 ,15.4525 ,0.2555 ,12.0665 ,2.8811 ,3.2303 ,15.1110 ,
4.0000 ,15.4524 ,0.2606 ,11.5689 ,2.2421 ,3.0989 ,15.1384 ,
4.0000 ,15.4520 ,0.2468 ,11.7192 ,2.2402 ,3.1385 ,15.1299 ,
4.0000 ,15.4518 ,0.2566 ,12.2769 ,3.5222 ,3.2856 ,15.0985 ,
3.0000 ,14.7618 ,1.0000 ,1.9680 ,3.5222 ,0.5069 ,14.7531 ,
3.0000 ,14.7617 ,1.0000 ,1.9154 ,3.5222 ,0.4934 ,14.7535 ,
3.0000 ,14.7617 ,1.0000 ,1.8882 ,2.8811 ,0.4864 ,14.7537 ,
3.0000 ,14.7617 ,1.0000 ,2.0121 ,1.6016 ,0.5183 ,14.7526 ,
3.0000 ,14.7617 ,1.0000 ,2.0121 ,2.2421 ,0.5183 ,14.7526 ,
3.0000 ,14.7617 ,1.0000 ,1.9199 ,3.5222 ,0.4945 ,14.7534 ,
3.0000 ,14.7616 ,1.0000 ,2.1341 ,1.6016 ,0.5497 ,14.7514 ,
3.0000 ,14.7616 ,1.0000 ,2.0186 ,3.5222 ,0.5199 ,14.7524 ,
3.0000 ,14.7616 ,1.0000 ,2.0458 ,3.5222 ,0.5270 ,14.7521 ,
3.0000 ,14.7612 ,1.0000 ,2.0250 ,1.6016 ,0.5216 ,14.7519 ,
2.0000 ,8.7096 ,0.7425 ,-7.0967 ,-5.4507 ,-1.0760 ,8.6429 ,
2.0000 ,8.7091 ,0.7487 ,-7.0268 ,-8.0275 ,-1.0654 ,8.6437 ,
2.0000 ,8.7090 ,0.7293 ,-7.1791 ,-6.7383 ,-1.0884 ,8.6407 ,
2.0000 ,8.7090 ,0.7431 ,-7.4864 ,-6.0941 ,-1.1347 ,8.6347 ,
2.0000 ,8.7089 ,0.7300 ,-7.1347 ,-8.0275 ,-1.0817 ,8.6415 ,
2.0000 ,8.7085 ,0.7209 ,-6.8516 ,-7.3815 ,-1.0389 ,8.6463 ,
2.0000 ,8.7083 ,0.7390 ,-7.0863 ,-7.3815 ,-1.0743 ,8.6418 ,
2.0000 ,8.7080 ,0.7333 ,-7.1686 ,-6.7383 ,-1.0867 ,8.6399 ,
2.0000 ,8.7077 ,0.7343 ,-7.2640 ,-7.3834 ,-1.1010 ,8.6378 ,
2.0000 ,8.7076 ,0.7239 ,-7.2406 ,-8.0275 ,-1.0975 ,8.6382 ,
1.0000 ,8.5390 ,0.4395 ,-8.8324 ,-8.6745 ,-1.3111 ,8.4377 ,
1.0000 ,8.5381 ,0.4369 ,-8.8349 ,-8.0275 ,-1.3113 ,8.4368 ,
1.0000 ,8.5363 ,0.4353 ,-9.0325 ,-6.7383 ,-1.3402 ,8.4305 ,
1.0000 ,8.5353 ,0.4480 ,-8.5502 ,-6.0941 ,-1.2690 ,8.4405 ,
1.0000 ,8.5350 ,0.4339 ,-8.3463 ,-8.6745 ,-1.2389 ,8.4446 ,
1.0000 ,8.5344 ,0.4295 ,-8.4165 ,-8.0275 ,-1.2492 ,8.4425 ,
1.0000 ,8.5329 ,0.4454 ,-8.3573 ,-7.9206 ,-1.2402 ,8.4423 ,
1.0000 ,8.5301 ,0.4243 ,-8.2702 ,-6.7383 ,-1.2270 ,8.4414 ,
1.0000 ,8.5277 ,0.4468 ,-8.5016 ,-6.7383 ,-1.2607 ,8.4340 ,
1.0000 ,8.5262 ,0.4329 ,-8.6434 ,-7.6094 ,-1.2814 ,8.4293 ,
0.0000 ,0.9689 ,0.2702 ,15.6101 ,-24.7701 ,0.2607 ,0.9332 ,
0.0000 ,0.9689 ,0.2770 ,15.9175 ,-23.3698 ,0.2657 ,0.9317 ,
0.0000 ,0.9688 ,0.2676 ,15.6601 ,-24.0670 ,0.2615 ,0.9329 ,
0.0000 ,0.9688 ,0.2738 ,15.4708 ,-23.3698 ,0.2584 ,0.9336 ,
0.0000 ,0.9686 ,0.2818 ,15.4009 ,-23.3678 ,0.2572 ,0.9338 ,
0.0000 ,0.9685 ,0.2659 ,15.6601 ,-25.4772 ,0.2614 ,0.9325 ,
0.0000 ,0.9683 ,0.2821 ,16.0660 ,-23.3698 ,0.2680 ,0.9305 ,
0.0000 ,0.9682 ,0.2712 ,15.2247 ,-22.6722 ,0.2543 ,0.9343 ,
0.0000 ,0.9682 ,0.2713 ,16.3219 ,-23.3698 ,0.2721 ,0.9292 ,
0.0000 ,0.0000 ,0.0000 ,0.0000 ,0.0000 ,0.2548 ,0.9332 ,
0.0000 ,0.0000 ,0.0000 ,0.0000 ,0.0000 ,12.9718 ,25.9436 ,
0.0000 ,0.0000 ,0.0000 ,0.0000 ,0.0000 ,-12.9718 ,25.9436 ,

4.0000 ,15.4552 ,0.2399 ,11.5583 ,1.5997 ,3.0967 ,15.1418 ,
4.0000 ,15.4547 ,0.2586 ,12.5544 ,9.2167 ,3.3593 ,15.0852 ,
4.0000 ,15.4538 ,0.2600 ,11.5542 ,6.0941 ,3.0953 ,15.1406 ,
4.0000 ,15.4537 ,0.2508 ,12.5306 ,3.5222 ,3.3528 ,15.0856 ,
4.0000 ,15.4536 ,0.2423 ,11.4814 ,-2.2421 ,3.0760 ,15.1443 ,
4.0000 ,15.4534 ,0.2517 ,11.4471 ,3.5222 ,3.0669 ,15.1461 ,
4.0000 ,15.4531 ,0.2454 ,11.5861 ,6.7364 ,3.1036 ,15.1382 ,
4.0000 ,15.4531 ,0.2529 ,11.3808 ,5.4488 ,3.0493 ,15.1492 ,
4.0000 ,15.4525 ,0.2500 ,12.0346 ,2.8829 ,3.2219 ,15.1129 ,
4.0000 ,15.4514 ,0.2456 ,11.7257 ,2.8811 ,3.1402 ,15.1290 ,
3.0000 ,14.7619 ,1.0000 ,2.0523 ,3.5222 ,0.5286 ,14.7525 ,
3.0000 ,14.7619 ,1.0000 ,1.9011 ,1.6016 ,0.4897 ,14.7538 ,
3.0000 ,14.7619 ,1.0000 ,2.0186 ,2.2421 ,0.5200 ,14.7527 ,
3.0000 ,14.7619 ,1.0000 ,1.9115 ,3.5222 ,0.4924 ,14.7537 ,
3.0000 ,14.7618 ,1.0000 ,2.0562 ,2.8811 ,0.5297 ,14.7523 ,
3.0000 ,14.7617 ,1.0000 ,1.9263 ,3.5222 ,0.4962 ,14.7533 ,
3.0000 ,14.7617 ,1.0000 ,1.9705 ,2.8811 ,0.5076 ,14.7529 ,
3.0000 ,14.7615 ,1.0000 ,1.9576 ,3.5222 ,0.5042 ,14.7529 ,
3.0000 ,14.7613 ,1.0000 ,1.9154 ,2.8811 ,0.4934 ,14.7530 ,
3.0000 ,14.7612 ,1.0000 ,2.1108 ,1.6016 ,0.5437 ,14.7512 ,
2.0000 ,8.7098 ,0.7452 ,-7.0503 ,-6.0941 ,-1.0691 ,8.6440 ,
2.0000 ,8.7091 ,0.7284 ,-7.0927 ,-7.3815 ,-1.0754 ,8.6425 ,
2.0000 ,8.7091 ,0.7358 ,-7.0099 ,-6.7364 ,-1.0629 ,8.6440 ,
2.0000 ,8.7089 ,0.7471 ,-7.2810 ,-6.7383 ,-1.1037 ,8.6387 ,
2.0000 ,8.7087 ,0.7321 ,-7.1477 ,-6.7383 ,-1.0836 ,8.6410 ,
2.0000 ,8.7086 ,0.7345 ,-7.0608 ,-6.0941 ,-1.0705 ,8.6426 ,
2.0000 ,8.7084 ,0.7366 ,-7.1137 ,-6.7383 ,-1.0784 ,8.6414 ,
2.0000 ,8.7083 ,0.7454 ,-7.2745 ,-7.0981 ,-1.1027 ,8.6382 ,
2.0000 ,8.7080 ,0.7427 ,-7.0967 ,-4.8079 ,-1.0758 ,8.6413 ,
2.0000 ,8.7077 ,0.7394 ,-7.1242 ,-6.0941 ,-1.0799 ,8.6405 ,
1.0000 ,8.5432 ,0.4390 ,-8.7943 ,-6.7383 ,-1.3062 ,8.4428 ,
1.0000 ,8.5382 ,0.4300 ,-8.9663 ,-6.7383 ,-1.3307 ,8.4339 ,
1.0000 ,8.5357 ,0.4379 ,-8.3213 ,-8.0275 ,-1.2353 ,8.4458 ,
1.0000 ,8.5332 ,0.4389 ,-8.2807 ,-7.3834 ,-1.2290 ,8.4442 ,
1.0000 ,8.5318 ,0.4437 ,-7.8078 ,-6.0941 ,-1.1591 ,8.4527 ,
1.0000 ,8.5310 ,0.4298 ,-8.6630 ,-8.6745 ,-1.2850 ,8.4337 ,
1.0000 ,8.5306 ,0.4403 ,-8.5016 ,-8.0294 ,-1.2611 ,8.4368 ,
1.0000 ,8.5284 ,0.4245 ,-8.7221 ,-6.7383 ,-1.2933 ,8.4298 ,
1.0000 ,8.5282 ,0.4414 ,-8.3148 ,-8.6745 ,-1.2333 ,8.4385 ,
1.0000 ,8.5275 ,0.4505 ,-8.3614 ,-7.3815 ,-1.2400 ,8.4369 ,
0.0000 ,0.9688 ,0.2663 ,15.2945 ,-21.9802 ,0.2556 ,0.9345 ,
0.0000 ,0.9685 ,0.2695 ,15.6801 ,-24.0670 ,0.2618 ,0.9325 ,
0.0000 ,0.9685 ,0.2710 ,15.7867 ,-25.4792 ,0.2635 ,0.9319 ,
0.0000 ,0.9683 ,0.2735 ,15.5489 ,-26.1905 ,0.2596 ,0.9329 ,
0.0000 ,0.9682 ,0.2713 ,15.9876 ,-25.4792 ,0.2667 ,0.9307 ,
0.0000 ,0.9676 ,0.2761 ,15.1225 ,-24.0691 ,0.2524 ,0.9341 ,
0.0000 ,0.9673 ,0.2683 ,15.2662 ,-23.3678 ,0.2547 ,0.9332 ,
0.0000 ,0.9672 ,0.2825 ,15.0619 ,-24.0670 ,0.2513 ,0.9339 ,
0.0000 ,0.9670 ,0.2814 ,15.5273 ,-23.3678 ,0.2589 ,0.9317 ,
0.0000 ,0.0000 ,0.0000 ,0.0000 ,0.0000 ,0.2582 ,0.9318 ,
0.0000 ,0.0000 ,0.0000 ,0.0000 ,0.0000 ,12.9718 ,25.9436 ,
0.0000 ,0.0000 ,0.0000 ,0.0000 ,0.0000 ,-12.9718 ,25.9436 ,

4.0000 ,15.4551 ,0.2510 ,11.7511 ,6.0941 ,3.1476 ,15.1312 ,
4.0000 ,15.4544 ,0.2620 ,11.4814 ,9.9721 ,3.0762 ,15.1452 ,
4.0000 ,15.4541 ,0.2590 ,12.4057 ,4.8079 ,3.3201 ,15.0933 ,
4.0000 ,15.4540 ,0.2476 ,11.6569 ,1.7116 ,3.1225 ,15.1353 ,
4.0000 ,15.4539 ,0.2599 ,11.7921 ,20.6060 ,3.1582 ,15.1278 ,
4.0000 ,15.4537 ,0.2456 ,11.6225 ,11.2748 ,3.1134 ,15.1368 ,
4.0000 ,15.4535 ,0.2501 ,11.1707 ,2.2421 ,2.9938 ,15.1607 ,
4.0000 ,15.4530 ,0.2475 ,11.7683 ,8.6399 ,3.1517 ,15.1282 ,
4.0000 ,15.4530 ,0.2463 ,11.6079 ,3.5222 ,3.1093 ,15.1369 ,
4.0000 ,15.4523 ,0.2601 ,13.1551 ,11.9283 ,3.5168 ,15.0468 ,
3.0000 ,14.7621 ,1.0000 ,1.9848 ,1.6016 ,0.5113 ,14.7533 ,
3.0000 ,14.7619 ,1.0000 ,2.0186 ,2.2421 ,0.5200 ,14.7527 ,
3.0000 ,14.7618 ,1.0000 ,2.1822 ,3.5222 ,0.5621 ,14.7511 ,
3.0000 ,14.7618 ,1.0000 ,2.0419 ,1.6016 ,0.5260 ,14.7524 ,
3.0000 ,14.7618 ,1.0000 ,1.9977 ,2.2421 ,0.5146 ,14.7528 ,
3.0000 ,14.7617 ,1.0000 ,2.0017 ,2.8811 ,0.5156 ,14.7526 ,
3.0000 ,14.7616 ,1.0000 ,1.9848 ,2.8811 ,0.5113 ,14.7528 ,
3.0000 ,14.7616 ,1.0000 ,1.9050 ,2.8811 ,0.4907 ,14.7535 ,
3.0000 ,14.7615 ,1.0000 ,2.1847 ,2.2421 ,0.5627 ,14.7508 ,
3.0000 ,14.7613 ,1.0000 ,2.1445 ,3.5222 ,0.5524 ,14.7509 ,
2.0000 ,8.7094 ,0.7251 ,-7.0099 ,-6.7383 ,-1.0629 ,8.6443 ,
2.0000 ,8.7091 ,0.7395 ,-6.9405 ,-5.4507 ,-1.0524 ,8.6453 ,
2.0000 ,8.7089 ,0.7540 ,-7.2471 ,-6.7383 ,-1.0986 ,8.6394 ,
2.0000 ,8.7088 ,0.7314 ,-7.0268 ,-7.3815 ,-1.0654 ,8.6434 ,
2.0000 ,8.7087 ,0.7358 ,-6.9001 ,-5.4507 ,-1.0462 ,8.6456 ,
2.0000 ,8.7085 ,0.7423 ,-6.9380 ,-5.4507 ,-1.0519 ,8.6448 ,
2.0000 ,8.7084 ,0.7325 ,-7.0863 ,-6.7383 ,-1.0743 ,8.6419 ,
2.0000 ,8.7083 ,0.7333 ,-6.9340 ,-7.3815 ,-1.0513 ,8.6446 ,
2.0000 ,8.7080 ,0.7394 ,-7.0863 ,-6.0941 ,-1.0743 ,8.6415 ,
2.0000 ,8.7068 ,0.7235 ,-7.2535 ,-6.7383 ,-1.0993 ,8.6371 ,
1.0000 ,8.5380 ,0.4325 ,-8.8048 ,-6.7364 ,-1.3069 ,8.4374 ,
1.0000 ,8.5371 ,0.4366 ,-8.3358 ,-6.7383 ,-1.2377 ,8.4470 ,
1.0000 ,8.5361 ,0.4355 ,-8.5186 ,-6.0941 ,-1.2645 ,8.4419 ,
1.0000 ,8.5330 ,0.4464 ,-8.4951 ,-6.7364 ,-1.2605 ,8.4394 ,
1.0000 ,8.5326 ,0.4390 ,-8.2021 ,-7.3815 ,-1.2173 ,8.4454 ,
1.0000 ,8.5317 ,0.4420 ,-8.4505 ,-6.7383 ,-1.2538 ,8.4391 ,
1.0000 ,8.5310 ,0.4302 ,-8.0435 ,-7.3815 ,-1.1937 ,8.4471 ,
1.0000 ,8.5291 ,0.4322 ,-8.4124 ,-8.6745 ,-1.2478 ,8.4374 ,
1.0000 ,8.5273 ,0.4544 ,-8.1301 ,-6.1869 ,-1.2059 ,8.4416 ,
1.0000 ,8.5251 ,0.4537 ,-8.4846 ,-6.7383 ,-1.2578 ,8.4318 ,
0.0000 ,0.9699 ,0.2664 ,16.1428 ,13.2421 ,0.2697 ,0.9316 ,
0.0000 ,0.9687 ,0.2724 ,16.1578 ,-22.6742 ,0.2696 ,0.9304 ,
0.0000 ,0.9678 ,0.2776 ,15.9593 ,-25.4772 ,0.2661 ,0.9305 ,
0.0000 ,0.9677 ,0.2779 ,15.8851 ,-24.7701 ,0.2649 ,0.9307 ,
0.0000 ,0.9677 ,0.2772 ,15.4317 ,-25.4792 ,0.2575 ,0.9328 ,
0.0000 ,0.9676 ,0.2727 ,15.4641 ,-26.1884 ,0.2580 ,0.9326 ,
0.0000 ,0.9674 ,0.2750 ,15.7692 ,-25.4792 ,0.2629 ,0.9310 ,
0.0000 ,0.9671 ,0.2774 ,15.5927 ,-24.0691 ,0.2599 ,0.9315 ,
0.0000 ,0.9670 ,0.2813 ,14.9116 ,-22.6722 ,0.2488 ,0.9344 ,
0.0000 ,0.0000 ,0.0000 ,0.0000 ,0.0000 ,0.2518 ,0.9336 ,
0.0000 ,0.0000 ,0.0000 ,0.0000 ,0.0000 ,12.9718 ,25.9436 ,
0.0000 ,0.0000 ,0.0000 ,0.0000 ,0.0000 ,-12.9718 ,25.9436 ,

4.0000 ,15.4543 ,0.2710 ,12.0215 ,-0.3192 ,3.2188 ,15.1154 ,
4.0000 ,15.4537 ,0.2704 ,12.2084 ,3.0514 ,3.2680 ,15.1042 ,
4.0000 ,15.4537 ,0.2727 ,12.0453 ,8.0275 ,3.2249 ,15.1134 ,
4.0000 ,15.4533 ,0.2588 ,11.8994 ,2.8829 ,3.1864 ,15.1213 ,
4.0000 ,15.4531 ,0.2494 ,12.0731 ,9.3246 ,3.2322 ,15.1113 ,
4.0000 ,15.4530 ,0.2570 ,12.0878 ,7.3815 ,3.2360 ,15.1104 ,
4.0000 ,15.4528 ,0.2524 ,12.3459 ,5.2548 ,3.3040 ,15.0955 ,
4.0000 ,15.4528 ,0.2608 ,12.1527 ,2.8829 ,3.2531 ,15.1065 ,
4.0000 ,15.4519 ,0.2509 ,11.7364 ,11.4711 ,3.1430 ,15.1288 ,
4.0000 ,15.4517 ,0.2500 ,11.4233 ,-2.2402 ,3.0603 ,15.1456 ,
3.0000 ,14.7622 ,1.0000 ,2.0964 ,2.2421 ,0.5400 ,14.7523 ,
3.0000 ,14.7621 ,1.0000 ,2.0835 ,3.5222 ,0.5367 ,14.7523 ,
3.0000 ,14.7621 ,1.0000 ,2.0081 ,2.8811 ,0.5173 ,14.7530 ,
3.0000 ,14.7621 ,1.0000 ,2.1132 ,2.2421 ,0.5443 ,14.7520 ,
3.0000 ,14.7620 ,1.0000 ,2.1405 ,1.6016 ,0.5514 ,14.7517 ,
3.0000 ,14.7620 ,1.0000 ,2.0860 ,2.8811 ,0.5373 ,14.7522 ,
3.0000 ,14.7619 ,1.0000 ,2.1951 ,4.1639 ,0.5654 ,14.7511 ,
3.0000 ,14.7619 ,1.0000 ,1.9472 ,3.5222 ,0.5016 ,14.7534 ,
3.0000 ,14.7617 ,1.0000 ,2.0667 ,3.5222 ,0.5323 ,14.7521 ,
3.0000 ,14.7616 ,1.0000 ,2.1718 ,3.5222 ,0.5594 ,14.7510 ,
2.0000 ,8.7103 ,0.7567 ,-6.9001 ,-8.0275 ,-1.0464 ,8.6472 ,
2.0000 ,8.7099 ,0.7586 ,-6.7943 ,-6.0941 ,-1.0304 ,8.6487 ,
2.0000 ,8.7096 ,0.7371 ,-6.9105 ,-6.7383 ,-1.0479 ,8.6464 ,
2.0000 ,8.7096 ,0.7576 ,-6.8556 ,-6.0941 ,-1.0396 ,8.6473 ,
2.0000 ,8.7094 ,0.7366 ,-7.1097 ,-5.4507 ,-1.0780 ,8.6425 ,
2.0000 ,8.7094 ,0.7304 ,-7.0903 ,-8.0275 ,-1.0750 ,8.6428 ,
2.0000 ,8.7088 ,0.7434 ,-6.9679 ,-7.3815 ,-1.0565 ,8.6445 ,
2.0000 ,8.7086 ,0.7501 ,-6.9994 ,-7.3815 ,-1.0612 ,8.6437 ,
2.0000 ,8.7084 ,0.7297 ,-6.9849 ,-6.0941 ,-1.0590 ,8.6437 ,
2.0000 ,8.7074 ,0.7273 ,-7.3085 ,-6.7383 ,-1.1077 ,8.6367 ,
1.0000 ,8.5360 ,0.4379 ,-8.1916 ,-8.0275 ,-1.2162 ,8.4489 ,
1.0000 ,8.5347 ,0.4328 ,-8.0410 ,-6.7383 ,-1.1938 ,8.4508 ,
1.0000 ,8.5330 ,0.4481 ,-8.3488 ,-6.0941 ,-1.2390 ,8.4425 ,
1.0000 ,8.5324 ,0.4327 ,-8.2637 ,-8.0275 ,-1.2264 ,8.4438 ,
1.0000 ,8.5301 ,0.4484 ,-8.7627 ,-5.4507 ,-1.2995 ,8.4306 ,
1.0000 ,8.5300 ,0.4493 ,-8.1851 ,-6.7383 ,-1.2144 ,8.4431 ,
1.0000 ,8.5296 ,0.4381 ,-7.7658 ,-6.7383 ,-1.1526 ,8.4513 ,
1.0000 ,8.5294 ,0.4394 ,-8.3994 ,-5.4488 ,-1.2459 ,8.4379 ,
1.0000 ,8.5271 ,0.4420 ,-8.8073 ,-8.0275 ,-1.3056 ,8.4265 ,
1.0000 ,8.5270 ,0.4406 ,-8.5908 ,-7.3834 ,-1.2737 ,8.4313 ,
0.0000 ,0.9708 ,0.2771 ,16.0335 ,16.5529 ,0.2681 ,0.9331 ,
0.0000 ,0.9705 ,0.2808 ,15.3577 ,15.2216 ,0.2570 ,0.9358 ,
0.0000 ,0.9704 ,0.2698 ,15.2837 ,13.4478 ,0.2558 ,0.9361 ,
0.0000 ,0.9698 ,0.2789 ,15.3726 ,15.2216 ,0.2571 ,0.9351 ,
0.0000 ,0.9698 ,0.2759 ,16.4314 ,14.5611 ,0.2743 ,0.9302 ,
0.0000 ,0.9698 ,0.2669 ,14.9922 ,12.5853 ,0.2509 ,0.9367 ,
0.0000 ,0.9691 ,0.2747 ,15.8042 ,13.9007 ,0.2639 ,0.9325 ,
0.0000 ,0.9687 ,0.2774 ,15.6493 ,15.8861 ,0.2613 ,0.9328 ,
0.0000 ,0.9685 ,0.2738 ,15.5489 ,-21.9822 ,0.2596 ,0.9330 ,
0.0000 ,0.0000 ,0.0000 ,0.0000 ,0.0000 ,0.2602 ,0.9321 ,
0.0000 ,0.0000 ,0.0000 ,0.0000 ,0.0000 ,12.9718 ,25.9436 ,
0.0000 ,0.0000 ,0.0000 ,0.0000 ,0.0000 ,-12.9718 ,25.9436 ,

4.0000 ,15.4549 ,0.2679 ,11.6676 ,21.2935 ,3.1255 ,15.1356 ,
4.0000 ,15.4543 ,0.2671 ,11.4814 ,4.8079 ,3.0762 ,15.1451 ,
4.0000 ,15.4542 ,0.2553 ,11.1176 ,4.1639 ,2.9799 ,15.1642 ,
4.0000 ,15.4540 ,0.2605 ,11.8584 ,16.5529 ,3.1757 ,15.1242 ,
4.0000 ,15.4540 ,0.2684 ,11.3955 ,10.6227 ,3.0534 ,15.1494 ,
4.0000 ,15.4537 ,0.2718 ,11.3914 ,13.2402 ,3.0523 ,15.1493 ,
4.0000 ,15.4535 ,0.2622 ,11.3914 ,6.7364 ,3.0522 ,15.1491 ,
4.0000 ,15.4530 ,0.2549 ,10.8844 ,5.4507 ,2.9180 ,15.1750 ,
4.0000 ,15.4530 ,0.2327 ,12.1182 ,9.9740 ,3.2440 ,15.1086 ,
4.0000 ,15.4526 ,0.2655 ,12.1461 ,2.8829 ,3.2513 ,15.1067 ,
3.0000 ,14.7625 ,1.0000 ,2.0731 ,4.1639 ,0.5340 ,14.7529 ,
3.0000 ,14.7623 ,1.0000 ,2.1068 ,3.5222 ,0.5427 ,14.7523 ,
3.0000 ,14.7621 ,1.0000 ,2.1132 ,2.2421 ,0.5443 ,14.7520 ,
3.0000 ,14.7621 ,1.0000 ,2.0627 ,1.6016 ,0.5313 ,14.7525 ,
3.0000 ,14.7621 ,1.0000 ,1.7791 ,2.2421 ,0.4583 ,14.7549 ,
3.0000 ,14.7619 ,1.0000 ,1.8882 ,2.8811 ,0.4864 ,14.7539 ,
3.0000 ,14.7618 ,1.0000 ,2.0731 ,2.2421 ,0.5340 ,14.7522 ,
3.0000 ,14.7618 ,1.0000 ,1.9848 ,2.8811 ,0.5113 ,14.7529 ,
3.0000 ,14.7617 ,1.0000 ,2.0835 ,3.5222 ,0.5367 ,14.7520 ,
3.0000 ,14.7617 ,1.0000 ,2.1341 ,2.2421 ,0.5497 ,14.7514 ,
2.0000 ,8.7098 ,0.7379 ,-7.0758 ,-6.7383 ,-1.0729 ,8.6435 ,
2.0000 ,8.7096 ,0.7557 ,-7.0398 ,-7.3834 ,-1.0674 ,8.6440 ,
2.0000 ,8.7094 ,0.7302 ,-7.0903 ,-7.3834 ,-1.0750 ,8.6428 ,
2.0000 ,8.7094 ,0.7585 ,-6.9784 ,-6.0941 ,-1.0582 ,8.6449 ,
2.0000 ,8.7093 ,0.7427 ,-6.9719 ,-6.0941 ,-1.0572 ,8.6449 ,
2.0000 ,8.7093 ,0.7452 ,-6.9510 ,-8.0275 ,-1.0540 ,8.6453 ,
2.0000 ,8.7092 ,0.7431 ,-6.9405 ,-6.7383 ,-1.0524 ,8.6454 ,
2.0000 ,8.7092 ,0.7481 ,-6.9235 ,-6.0941 ,-1.0498 ,8.6457 ,
2.0000 ,8.7089 ,0.7491 ,-6.8936 ,-7.3815 ,-1.0453 ,8.6459 ,
2.0000 ,8.7083 ,0.7270 ,-6.9784 ,-6.0941 ,-1.0580 ,8.6438 ,
1.0000 ,8.5525 ,0.4370 ,-8.9387 ,-8.6745 ,-1.3289 ,8.4486 ,
1.0000 ,8.5416 ,0.4350 ,-8.5056 ,-6.7383 ,-1.2634 ,8.4476 ,
1.0000 ,8.5354 ,0.4438 ,-8.0305 ,-7.3834 ,-1.1924 ,8.4517 ,
1.0000 ,8.5336 ,0.4541 ,-8.4781 ,-6.7383 ,-1.2581 ,8.4403 ,
1.0000 ,8.5319 ,0.4392 ,-8.0540 ,-6.0941 ,-1.1954 ,8.4477 ,
1.0000 ,8.5302 ,0.4386 ,-8.4270 ,-8.0275 ,-1.2501 ,8.4381 ,
1.0000 ,8.5296 ,0.4357 ,-8.7051 ,-6.0922 ,-1.2909 ,8.4313 ,
1.0000 ,8.5294 ,0.4354 ,-8.3573 ,-6.0941 ,-1.2397 ,8.4388 ,
1.0000 ,8.5281 ,0.4317 ,-8.2362 ,-8.6745 ,-1.2217 ,8.4401 ,
1.0000 ,8.5280 ,0.4529 ,-8.5056 ,-8.0294 ,-1.2614 ,8.4342 ,
0.0000 ,0.9716 ,0.2744 ,15.6626 ,14.5611 ,0.2623 ,0.9355 ,
0.0000 ,0.9713 ,0.2663 ,15.8609 ,16.5529 ,0.2655 ,0.9343 ,
0.0000 ,0.9705 ,0.2831 ,15.6626 ,16.5529 ,0.2620 ,0.9345 ,
0.0000 ,0.9700 ,0.2774 ,15.2031 ,14.5611 ,0.2544 ,0.9360 ,
0.0000 ,0.9697 ,0.2775 ,15.9417 ,13.9007 ,0.2663 ,0.9324 ,
0.0000 ,0.9695 ,0.2735 ,15.9634 ,15.2216 ,0.2666 ,0.9321 ,
0.0000 ,0.9694 ,0.2778 ,15.5489 ,14.5611 ,0.2599 ,0.9340 ,
0.0000 ,0.9692 ,0.2704 ,15.6909 ,15.2216 ,0.2621 ,0.9331 ,
0.0000 ,0.9689 ,0.2668 ,15.3577 ,15.8861 ,0.2566 ,0.9343 ,
0.0000 ,0.0000 ,0.0000 ,0.0000 ,0.0000 ,0.2755 ,0.9287 ,
0.0000 ,0.0000 ,0.0000 ,0.0000 ,0.0000 ,12.9718 ,25.9436 ,
0.0000 ,0.0000 ,0.0000 ,0.0000 ,0.0000 ,-12.9718 ,25.9436 ,

4.0000 ,15.4546 ,0.2454 ,11.6291 ,13.2421 ,3.1153 ,15.1373 ,
4.0000 ,15.4545 ,0.2566 ,11.8133 ,4.8060 ,3.1639 ,15.1272 ,
4.0000 ,15.4541 ,0.2539 ,12.5823 ,2.2402 ,3.3666 ,15.0830 ,
4.0000 ,15.4540 ,0.2579 ,11.2565 ,0.8428 ,3.0166 ,15.1567 ,
4.0000 ,15.4534 ,0.2578 ,11.8928 ,8.6745 ,3.1847 ,15.1217 ,
4.0000 ,15.4534 ,0.2619 ,11.7576 ,2.8829 ,3.1490 ,15.1291 ,
4.0000 ,15.4533 ,0.2495 ,11.8371 ,-0.9594 ,3.1699 ,15.1247 ,
4.0000 ,15.4533 ,0.2468 ,11.5517 ,6.0941 ,3.0946 ,15.1403 ,
4.0000 ,15.4531 ,0.2488 ,11.4405 ,7.3815 ,3.0651 ,15.1461 ,
4.0000 ,15.4515 ,0.2466 ,10.8289 ,2.8811 ,2.9030 ,15.1763 ,
3.0000 ,14.7620 ,1.0000 ,1.9744 ,3.5222 ,0.5086 ,14.7533 ,
3.0000 ,14.7620 ,1.0000 ,2.1237 ,3.5222 ,0.5470 ,14.7519 ,
3.0000 ,14.7618 ,1.0000 ,2.2119 ,2.2421 ,0.5697 ,14.7508 ,
3.0000 ,14.7618 ,1.0000 ,1.8738 ,1.6016 ,0.4827 ,14.7539 ,
3.0000 ,14.7617 ,1.0000 ,1.9953 ,2.8811 ,0.5140 ,14.7528 ,
3.0000 ,14.7617 ,1.0000 ,1.9511 ,2.2421 ,0.5026 ,14.7532 ,
3.0000 ,14.7617 ,1.0000 ,2.1381 ,3.5222 ,0.5507 ,14.7514 ,
3.0000 ,14.7616 ,1.0000 ,1.8232 ,2.2421 ,0.4697 ,14.7541 ,
3.0000 ,14.7615 ,1.0000 ,2.1886 ,3.5222 ,0.5637 ,14.7508 ,
3.0000 ,14.7614 ,1.0000 ,2.1886 ,4.1639 ,0.5637 ,14.7506 ,
2.0000 ,8.7094 ,0.7439 ,-7.1791 ,-6.0941 ,-1.0884 ,8.6411 ,
2.0000 ,8.7092 ,0.7474 ,-7.0653 ,-6.7383 ,-1.0712 ,8.6431 ,
2.0000 ,8.7091 ,0.7410 ,-7.1477 ,-6.7364 ,-1.0836 ,8.6414 ,
2.0000 ,8.7091 ,0.7493 ,-7.0543 ,-8.0275 ,-1.0696 ,8.6432 ,
2.0000 ,8.7089 ,0.7469 ,-7.1242 ,-8.0275 ,-1.0801 ,8.6416 ,
2.0000 ,8.7088 ,0.7353 ,-6.8112 ,-6.0941 ,-1.0328 ,8.6473 ,
2.0000 ,8.7086 ,0.7346 ,-7.0228 ,-6.0941 ,-1.0648 ,8.6432 ,
2.0000 ,8.7084 ,0.7374 ,-7.0438 ,-8.0275 ,-1.0679 ,8.6427 ,
2.0000 ,8.7083 ,0.7394 ,-7.4864 ,-7.4834 ,-1.1346 ,8.6341 ,
2.0000 ,8.7081 ,0.7249 ,-7.1072 ,-7.3815 ,-1.0774 ,8.6412 ,
1.0000 ,8.5443 ,0.4380 ,-8.4846 ,-6.7383 ,-1.2606 ,8.4508 ,
1.0000 ,8.5376 ,0.4455 ,-8.2151 ,-8.0275 ,-1.2199 ,8.4500 ,
1.0000 ,8.5359 ,0.4510 ,-8.5397 ,-8.0275 ,-1.2675 ,8.4412 ,
1.0000 ,8.5348 ,0.4257 ,-8.5502 ,-5.4507 ,-1.2689 ,8.4399 ,
1.0000 ,8.5341 ,0.4277 ,-8.4124 ,-7.3834 ,-1.2485 ,8.4423 ,
1.0000 ,8.5337 ,0.4365 ,-8.3824 ,-7.3834 ,-1.2440 ,8.4426 ,
1.0000 ,8.5302 ,0.4447 ,-9.1771 ,-5.4507 ,-1.3604 ,8.4210 ,
1.0000 ,8.5284 ,0.4410 ,-8.1025 ,-6.7383 ,-1.2020 ,8.4433 ,
1.0000 ,8.5279 ,0.4372 ,-8.6118 ,-8.0275 ,-1.2770 ,8.4318 ,
1.0000 ,8.5278 ,0.4395 ,-8.5778 ,-8.0275 ,-1.2719 ,8.4324 ,
0.0000 ,0.9700 ,0.2704 ,15.4882 ,14.5592 ,0.2590 ,0.9347 ,
0.0000 ,0.9698 ,0.2843 ,15.2837 ,15.8861 ,0.2556 ,0.9355 ,
0.0000 ,0.9688 ,0.2655 ,15.8784 ,-21.9822 ,0.2651 ,0.9318 ,
0.0000 ,0.9687 ,0.2720 ,15.9000 ,-23.3698 ,0.2654 ,0.9316 ,
0.0000 ,0.9685 ,0.2763 ,15.8784 ,-24.7701 ,0.2650 ,0.9315 ,
0.0000 ,0.9685 ,0.2677 ,15.8392 ,13.2421 ,0.2643 ,0.9317 ,
0.0000 ,0.9683 ,0.2776 ,15.6035 ,13.8988 ,0.2604 ,0.9326 ,
0.0000 ,0.9680 ,0.2720 ,15.4034 ,-21.9802 ,0.2571 ,0.9332 ,
0.0000 ,0.9678 ,0.2816 ,15.5340 ,-22.6742 ,0.2592 ,0.9324 ,
0.0000 ,0.0000 ,0.0000 ,0.0000 ,0.0000 ,0.2557 ,0.9331 ,
0.0000 ,0.0000 ,0.0000 ,0.0000 ,0.0000 ,12.9718 ,25.9436 ,
0.0000 ,0.0000 ,0.0000 ,0.0000 ,0.0000 ,-12.9718 ,25.9436 ,

4.0000 ,15.4556 ,0.2583 ,11.6504 ,7.3834 ,3.1211 ,15.1372 ,
4.0000 ,15.4548 ,0.2567 ,12.9070 ,9.3246 ,3.4521 ,15.0643 ,
4.0000 ,15.4543 ,0.2379 ,11.7986 ,6.7364 ,3.1600 ,15.1278 ,
4.0000 ,15.4541 ,0.2618 ,11.6635 ,0.9612 ,3.1243 ,15.1350 ,
4.0000 ,15.4538 ,0.2456 ,12.4057 ,2.8829 ,3.3200 ,15.0930 ,
4.0000 ,15.4537 ,0.2544 ,12.2536 ,0.3210 ,3.2799 ,15.1016 ,
4.0000 ,15.4536 ,0.2450 ,12.7433 ,2.8811 ,3.4088 ,15.0730 ,
4.0000 ,15.4535 ,0.2478 ,11.6185 ,3.7135 ,3.1122 ,15.1368 ,
4.0000 ,15.4528 ,0.2408 ,11.6291 ,3.5222 ,3.1149 ,15.1356 ,
4.0000 ,15.4510 ,0.2606 ,12.1223 ,-2.8811 ,3.2447 ,15.1065 ,
3.0000 ,14.7618 ,1.0000 ,2.2223 ,3.5222 ,0.5724 ,14.7507 ,
3.0000 ,14.7618 ,1.0000 ,2.1276 ,2.2421 ,0.5480 ,14.7516 ,
3.0000 ,14.7617 ,1.0000 ,1.9199 ,3.5222 ,0.4946 ,14.7534 ,
3.0000 ,14.7617 ,1.0000 ,2.1574 ,2.2421 ,0.5557 ,14.7512 ,
3.0000 ,14.7617 ,1.0000 ,2.0081 ,2.2421 ,0.5173 ,14.7526 ,
3.0000 ,14.7617 ,1.0000 ,1.9219 ,1.5408 ,0.4951 ,14.7534 ,
3.0000 ,14.7616 ,1.0000 ,1.8738 ,3.5222 ,0.4827 ,14.7537 ,
3.0000 ,14.7616 ,1.0000 ,1.9263 ,4.1639 ,0.4962 ,14.7532 ,
3.0000 ,14.7615 ,1.0000 ,1.9115 ,1.6016 ,0.4924 ,14.7533 ,
3.0000 ,14.7614 ,1.0000 ,2.1509 ,2.8829 ,0.5540 ,14.7510 ,
2.0000 ,8.7090 ,0.7346 ,-6.8387 ,-6.7364 ,-1.0370 ,8.6471 ,
2.0000 ,8.7090 ,0.7597 ,-6.9994 ,-6.0941 ,-1.0613 ,8.6441 ,
2.0000 ,8.7089 ,0.7428 ,-7.1751 ,-7.3815 ,-1.0878 ,8.6407 ,
2.0000 ,8.7089 ,0.7274 ,-6.7733 ,-6.0922 ,-1.0271 ,8.6481 ,
2.0000 ,8.7089 ,0.7357 ,-7.0927 ,-6.7383 ,-1.0753 ,8.6422 ,
2.0000 ,8.7086 ,0.7547 ,-7.3230 ,-6.0941 ,-1.1100 ,8.6376 ,
2.0000 ,8.7084 ,0.7350 ,-6.9235 ,-7.3815 ,-1.0497 ,8.6449 ,
2.0000 ,8.7083 ,0.7434 ,-7.2301 ,-8.0275 ,-1.0960 ,8.6391 ,
2.0000 ,8.7083 ,0.7314 ,-7.0967 ,-6.7383 ,-1.0759 ,8.6416 ,
2.0000 ,8.7081 ,0.7331 ,-7.1072 ,-7.3815 ,-1.0774 ,8.6412 ,
1.0000 ,8.5503 ,0.4357 ,-9.4492 ,-8.0275 ,-1.4037 ,8.4342 ,
1.0000 ,8.5452 ,0.4398 ,-8.2257 ,-7.3815 ,-1.2226 ,8.4573 ,
1.0000 ,8.5357 ,0.4273 ,-8.7798 ,-8.0275 ,-1.3029 ,8.4357 ,
1.0000 ,8.5352 ,0.4458 ,-8.4886 ,-6.7383 ,-1.2599 ,8.4417 ,
1.0000 ,8.5347 ,0.4269 ,-8.6013 ,-8.0275 ,-1.2764 ,8.4387 ,
1.0000 ,8.5328 ,0.4485 ,-8.0580 ,-8.0275 ,-1.1961 ,8.4485 ,
1.0000 ,8.5274 ,0.4461 ,-8.0264 ,-5.4507 ,-1.1907 ,8.4438 ,
1.0000 ,8.5272 ,0.4275 ,-8.9387 ,-8.0275 ,-1.3249 ,8.4236 ,
1.0000 ,8.5271 ,0.4527 ,-8.2767 ,-6.7383 ,-1.2275 ,8.4382 ,
1.0000 ,8.5261 ,0.4485 ,-8.4165 ,-8.0275 ,-1.2479 ,8.4343 ,
0.0000 ,0.9692 ,0.2779 ,16.2651 ,-21.9802 ,0.2715 ,0.9304 ,
0.0000 ,0.9687 ,0.2770 ,15.4924 ,13.2421 ,0.2587 ,0.9335 ,
0.0000 ,0.9684 ,0.2750 ,15.3120 ,-20.6080 ,0.2557 ,0.9340 ,
0.0000 ,0.9683 ,0.2703 ,15.4183 ,-23.3678 ,0.2574 ,0.9335 ,
0.0000 ,0.9681 ,0.2657 ,15.4034 ,13.2421 ,0.2572 ,0.9334 ,
0.0000 ,0.9681 ,0.2705 ,15.6318 ,-21.2935 ,0.2609 ,0.9323 ,
0.0000 ,0.9681 ,0.2736 ,15.6035 ,-23.3678 ,0.2604 ,0.9324 ,
0.0000 ,0.9677 ,0.2869 ,15.2555 ,-24.0670 ,0.2546 ,0.9336 ,
0.0000 ,0.9677 ,0.2778 ,15.5232 ,-24.7701 ,0.2590 ,0.9324 ,
0.0000 ,0.0000 ,0.0000 ,0.0000 ,0.0000 ,0.2637 ,0.9292 ,
0.0000 ,0.0000 ,0.0000 ,0.0000 ,0.0000 ,12.9718 ,25.9436 ,
0.0000 ,0.0000 ,0.0000 ,0.0000 ,0.0000 ,-12.9718 ,25.9436 ,

4.0000 ,15.4549 ,0.2351 ,11.1388 ,4.8060 ,2.9857 ,15.1638 ,
4.0000 ,15.4547 ,0.2589 ,12.0002 ,10.6246 ,3.2133 ,15.1170 ,
4.0000 ,15.4541 ,0.2588 ,11.6635 ,4.1658 ,3.1243 ,15.1350 ,
4.0000 ,15.4540 ,0.2528 ,12.6209 ,2.8829 ,3.3767 ,15.0806 ,
4.0000 ,15.4531 ,0.2508 ,12.7220 ,6.7364 ,3.4031 ,15.0737 ,
4.0000 ,15.4525 ,0.2515 ,11.4921 ,4.1658 ,3.0786 ,15.1428 ,
4.0000 ,15.4524 ,0.2618 ,11.6635 ,2.8811 ,3.1239 ,15.1334 ,
4.0000 ,15.4520 ,0.2585 ,12.0042 ,4.8079 ,3.2138 ,15.1141 ,
4.0000 ,15.4520 ,0.2475 ,11.6529 ,-0.3192 ,3.1210 ,15.1335 ,
4.0000 ,15.4517 ,0.2502 ,11.6676 ,2.8811 ,3.1248 ,15.1324 ,
3.0000 ,14.7621 ,1.0000 ,2.0354 ,4.1639 ,0.5243 ,14.7528 ,
3.0000 ,14.7621 ,1.0000 ,1.9977 ,3.5222 ,0.5146 ,14.7531 ,
3.0000 ,14.7619 ,1.0000 ,2.0691 ,3.5222 ,0.5330 ,14.7523 ,
3.0000 ,14.7618 ,1.0000 ,1.9953 ,0.9612 ,0.5140 ,14.7529 ,
3.0000 ,14.7618 ,1.0000 ,2.0081 ,1.6016 ,0.5173 ,14.7527 ,
3.0000 ,14.7617 ,1.0000 ,1.7751 ,2.8811 ,0.4573 ,14.7546 ,
3.0000 ,14.7617 ,1.0000 ,2.0627 ,2.2421 ,0.5313 ,14.7521 ,
3.0000 ,14.7617 ,1.0000 ,2.0017 ,1.6016 ,0.5156 ,14.7527 ,
3.0000 ,14.7616 ,1.0000 ,2.1276 ,2.8811 ,0.5480 ,14.7514 ,
3.0000 ,14.7614 ,1.0000 ,2.0523 ,3.5222 ,0.5286 ,14.7520 ,
2.0000 ,8.7087 ,0.7509 ,-7.1097 ,-7.3815 ,-1.0779 ,8.6418 ,
2.0000 ,8.7087 ,0.7329 ,-7.0927 ,-6.7383 ,-1.0753 ,8.6420 ,
2.0000 ,8.7085 ,0.7271 ,-7.0503 ,-8.0275 ,-1.0689 ,8.6426 ,
2.0000 ,8.7084 ,0.7450 ,-6.9679 ,-6.0941 ,-1.0565 ,8.6441 ,
2.0000 ,8.7084 ,0.7303 ,-7.1646 ,-8.0275 ,-1.0861 ,8.6404 ,
2.0000 ,8.7083 ,0.7314 ,-7.0268 ,-6.0941 ,-1.0653 ,8.6429 ,
2.0000 ,8.7083 ,0.7251 ,-7.3020 ,-8.0275 ,-1.1068 ,8.6376 ,
2.0000 ,8.7083 ,0.7397 ,-7.2026 ,-7.3834 ,-1.0918 ,8.6395 ,
2.0000 ,8.7082 ,0.7353 ,-7.0059 ,-7.3815 ,-1.0621 ,8.6432 ,
2.0000 ,8.7078 ,0.7289 ,-6.7119 ,-6.0941 ,-1.0177 ,8.6481 ,
1.0000 ,8.5351 ,0.4283 ,-8.3508 ,-8.6745 ,-1.2396 ,8.4446 ,
1.0000 ,8.5349 ,0.4441 ,-8.5567 ,-6.7383 ,-1.2699 ,8.4399 ,
1.0000 ,8.5347 ,0.4400 ,-8.4440 ,-6.7383 ,-1.2533 ,8.4422 ,
1.0000 ,8.5325 ,0.4399 ,-8.5332 ,-8.6745 ,-1.2661 ,8.4381 ,
1.0000 ,8.5323 ,0.4523 ,-8.5437 ,-8.6745 ,-1.2676 ,8.4377 ,
1.0000 ,8.5297 ,0.4372 ,-8.8495 ,-7.9429 ,-1.3122 ,8.4281 ,
1.0000 ,8.5287 ,0.4376 ,-8.0159 ,-8.0275 ,-1.1893 ,8.4454 ,
1.0000 ,8.5287 ,0.4447 ,-8.4440 ,-6.7383 ,-1.2524 ,8.4362 ,
1.0000 ,8.5283 ,0.4439 ,-8.8219 ,-7.3834 ,-1.3079 ,8.4274 ,
1.0000 ,8.5265 ,0.4560 ,-8.7181 ,-6.7383 ,-1.2924 ,8.4280 ,
0.0000 ,0.9694 ,0.2782 ,15.5381 ,13.2421 ,0.2597 ,0.9340 ,
0.0000 ,0.9692 ,0.2680 ,15.6343 ,15.2216 ,0.2612 ,0.9333 ,
0.0000 ,0.9691 ,0.2667 ,15.9809 ,-20.6060 ,0.2668 ,0.9316 ,
0.0000 ,0.9689 ,0.2666 ,15.9984 ,15.8861 ,0.2671 ,0.9314 ,
0.0000 ,0.9685 ,0.2744 ,15.8567 ,-24.7701 ,0.2646 ,0.9317 ,
0.0000 ,0.9682 ,0.2771 ,15.6343 ,-23.3678 ,0.2609 ,0.9324 ,
0.0000 ,0.9681 ,0.2741 ,16.0376 ,-21.9822 ,0.2675 ,0.9304 ,
0.0000 ,0.9680 ,0.2790 ,15.3577 ,14.5611 ,0.2564 ,0.9335 ,
0.0000 ,0.9680 ,0.2650 ,16.0335 ,-25.4772 ,0.2673 ,0.9303 ,
0.0000 ,0.0000 ,0.0000 ,0.0000 ,0.0000 ,0.2647 ,0.9310 ,
0.0000 ,0.0000 ,0.0000 ,0.0000 ,0.0000 ,12.9718 ,25.9436 ,
0.0000 ,0.0000 ,0.0000 ,0.0000 ,0.0000 ,-12.9718 ,25.9436 ,

4.0000 ,15.4543 ,0.2566 ,10.9016 ,-0.9594 ,2.9228 ,15.1754 ,
4.0000 ,15.4542 ,0.2583 ,11.8994 ,3.5241 ,3.1866 ,15.1221 ,
4.0000 ,15.4539 ,0.2444 ,11.7020 ,0.8452 ,3.1344 ,15.1327 ,
4.0000 ,15.4537 ,0.2513 ,11.9551 ,0.3192 ,3.2011 ,15.1185 ,
4.0000 ,15.4536 ,0.2548 ,11.4921 ,0.3192 ,3.0788 ,15.1438 ,
4.0000 ,15.4534 ,0.2410 ,11.6291 ,9.9721 ,3.1150 ,15.1362 ,
4.0000 ,15.4533 ,0.2574 ,11.4749 ,2.8829 ,3.0743 ,15.1445 ,
4.0000 ,15.4521 ,0.2520 ,12.3459 ,6.7383 ,3.3038 ,15.0947 ,
4.0000 ,15.4520 ,0.2559 ,12.5971 ,9.3227 ,3.3700 ,15.0800 ,
4.0000 ,15.4520 ,0.2509 ,11.6807 ,7.3834 ,3.1284 ,15.1320 ,
3.0000 ,14.7620 ,1.0000 ,1.7181 ,2.2421 ,0.4426 ,14.7554 ,
3.0000 ,14.7619 ,1.0000 ,1.8168 ,1.6016 ,0.4680 ,14.7545 ,
3.0000 ,14.7619 ,1.0000 ,2.0121 ,1.6016 ,0.5183 ,14.7528 ,
3.0000 ,14.7619 ,1.0000 ,2.0562 ,3.5222 ,0.5297 ,14.7524 ,
3.0000 ,14.7618 ,1.0000 ,1.9367 ,2.8811 ,0.4989 ,14.7534 ,
3.0000 ,14.7618 ,1.0000 ,2.0795 ,2.8811 ,0.5357 ,14.7520 ,
3.0000 ,14.7618 ,1.0000 ,1.9367 ,3.5222 ,0.4989 ,14.7533 ,
3.0000 ,14.7617 ,1.0000 ,2.1951 ,3.5222 ,0.5654 ,14.7509 ,
3.0000 ,14.7617 ,1.0000 ,1.7518 ,2.2421 ,0.4513 ,14.7548 ,
3.0000 ,14.7617 ,1.0000 ,2.1614 ,3.5222 ,0.5567 ,14.7512 ,
2.0000 ,8.7101 ,0.7589 ,-6.9065 ,-7.3815 ,-1.0474 ,8.6469 ,
2.0000 ,8.7088 ,0.7231 ,-6.8791 ,-7.3815 ,-1.0431 ,8.6461 ,
2.0000 ,8.7086 ,0.7421 ,-7.2236 ,-6.0941 ,-1.0950 ,8.6394 ,
2.0000 ,8.7084 ,0.7423 ,-7.2575 ,-6.7383 ,-1.1001 ,8.6387 ,
2.0000 ,8.7084 ,0.7381 ,-7.2955 ,-6.0941 ,-1.1059 ,8.6379 ,
2.0000 ,8.7082 ,0.7641 ,-7.1072 ,-7.3815 ,-1.0774 ,8.6413 ,
2.0000 ,8.7082 ,0.7351 ,-7.2575 ,-6.0941 ,-1.1001 ,8.6384 ,
2.0000 ,8.7081 ,0.7258 ,-6.8686 ,-7.3815 ,-1.0414 ,8.6456 ,
2.0000 ,8.7081 ,0.7442 ,-7.0903 ,-6.0941 ,-1.0749 ,8.6415 ,
2.0000 ,8.7080 ,0.7344 ,-7.1097 ,-8.0275 ,-1.0778 ,8.6411 ,
1.0000 ,8.5371 ,0.4365 ,-8.4505 ,-6.7383 ,-1.2546 ,8.4444 ,
1.0000 ,8.5355 ,0.4448 ,-8.3463 ,-8.0275 ,-1.2390 ,8.4451 ,
1.0000 ,8.5352 ,0.4406 ,-8.2427 ,-6.7383 ,-1.2237 ,8.4470 ,
1.0000 ,8.5349 ,0.4345 ,-8.9453 ,-7.3834 ,-1.3271 ,8.4311 ,
1.0000 ,8.5343 ,0.4432 ,-8.3784 ,-7.3834 ,-1.2435 ,8.4432 ,
1.0000 ,8.5321 ,0.4209 ,-8.3849 ,-8.0275 ,-1.2442 ,8.4409 ,
1.0000 ,8.5303 ,0.4407 ,-9.0195 ,-7.3815 ,-1.3373 ,8.4248 ,
1.0000 ,8.5287 ,0.4300 ,-8.4740 ,-6.7383 ,-1.2568 ,8.4355 ,
1.0000 ,8.5286 ,0.4427 ,-8.4570 ,-7.3815 ,-1.2543 ,8.4359 ,
1.0000 ,8.5282 ,0.4223 ,-8.6735 ,-8.0275 ,-1.2861 ,8.4307 ,
0.0000 ,0.9691 ,0.2734 ,15.9526 ,-21.9822 ,0.2663 ,0.9318 ,
0.0000 ,0.9682 ,0.2792 ,15.6101 ,-21.2935 ,0.2605 ,0.9325 ,
0.0000 ,0.9682 ,0.2659 ,15.9484 ,-23.3678 ,0.2660 ,0.9309 ,
0.0000 ,0.9681 ,0.2829 ,15.5448 ,-25.4772 ,0.2594 ,0.9326 ,
0.0000 ,0.9677 ,0.2689 ,15.6168 ,-23.3678 ,0.2605 ,0.9320 ,
0.0000 ,0.9677 ,0.2717 ,15.3793 ,13.2402 ,0.2566 ,0.9330 ,
0.0000 ,0.9677 ,0.2792 ,16.0835 ,-26.9062 ,0.2681 ,0.9298 ,
0.0000 ,0.9674 ,0.2702 ,15.9242 ,14.5611 ,0.2654 ,0.9303 ,
0.0000 ,0.9673 ,0.2825 ,15.7367 ,-24.7701 ,0.2623 ,0.9310 ,
0.0000 ,0.0000 ,0.0000 ,0.0000 ,0.0000 ,0.2498 ,0.9336 ,
0.0000 ,0.0000 ,0.0000 ,0.0000 ,0.0000 ,12.9718 ,25.9436 ,
0.0000 ,0.0000 ,0.0000 ,0.0000 ,0.0000 ,-12.9718 ,25.9436 ,

4.0000 ,15.4539 ,0.2492 ,11.0555 ,0.9612 ,2.9634 ,15.1671 ,
4.0000 ,15.4539 ,0.2600 ,12.5478 ,7.3815 ,3.3574 ,15.0848 ,
4.0000 ,15.4538 ,0.2387 ,12.0665 ,4.1639 ,3.2306 ,15.1123 ,
4.0000 ,15.4538 ,0.2582 ,11.2884 ,12.5834 ,3.0250 ,15.1548 ,
4.0000 ,15.4532 ,0.2583 ,11.5305 ,6.0941 ,3.0889 ,15.1414 ,
4.0000 ,15.4532 ,0.2534 ,12.2257 ,3.5241 ,3.2724 ,15.1027 ,
4.0000 ,15.4528 ,0.2506 ,11.3571 ,2.8811 ,3.0430 ,15.1502 ,
4.0000 ,15.4526 ,0.2617 ,12.2404 ,11.9302 ,3.2762 ,15.1013 ,
4.0000 ,15.4524 ,0.2540 ,11.7298 ,5.4488 ,3.1414 ,15.1298 ,
4.0000 ,15.4522 ,0.2469 ,12.6595 ,4.1658 ,3.3865 ,15.0766 ,
3.0000 ,14.7619 ,1.0000 ,1.9472 ,2.8829 ,0.5016 ,14.7534 ,
3.0000 ,14.7619 ,1.0000 ,2.1237 ,2.8811 ,0.5470 ,14.7517 ,
3.0000 ,14.7618 ,1.0000 ,1.9050 ,1.6016 ,0.4907 ,14.7536 ,
3.0000 ,14.7616 ,1.0000 ,2.1004 ,2.2421 ,0.5410 ,14.7517 ,
3.0000 ,14.7616 ,1.0000 ,1.9050 ,2.8811 ,0.4907 ,14.7535 ,
3.0000 ,14.7616 ,1.0000 ,2.2288 ,2.2421 ,0.5741 ,14.7505 ,
3.0000 ,14.7616 ,1.0000 ,2.2159 ,1.6016 ,0.5708 ,14.7505 ,
3.0000 ,14.7616 ,1.0000 ,2.0394 ,3.5222 ,0.5253 ,14.7522 ,
3.0000 ,14.7616 ,1.0000 ,1.9011 ,1.6016 ,0.4897 ,14.7534 ,
3.0000 ,14.7615 ,1.0000 ,1.8064 ,2.8811 ,0.4653 ,14.7542 ,
2.0000 ,8.7102 ,0.7507 ,-6.8831 ,-8.0275 ,-1.0439 ,8.6474 ,
2.0000 ,8.7098 ,0.7418 ,-7.1646 ,-6.7383 ,-1.0863 ,8.6418 ,
2.0000 ,8.7097 ,0.7487 ,-7.1347 ,-6.7383 ,-1.0818 ,8.6423 ,
2.0000 ,8.7089 ,0.7359 ,-7.0438 ,-6.7383 ,-1.0680 ,8.6432 ,
2.0000 ,8.7089 ,0.7491 ,-6.6950 ,-7.3815 ,-1.0153 ,8.6495 ,
2.0000 ,8.7087 ,0.7414 ,-7.0967 ,-6.7383 ,-1.0759 ,8.6420 ,
2.0000 ,8.7086 ,0.7350 ,-7.0903 ,-8.0275 ,-1.0749 ,8.6420 ,
2.0000 ,8.7086 ,0.7366 ,-7.1856 ,-8.0275 ,-1.0893 ,8.6402 ,
2.0000 ,8.7082 ,0.7415 ,-6.9954 ,-7.6103 ,-1.0606 ,8.6434 ,
2.0000 ,8.7075 ,0.7293 ,-6.9954 ,-7.3815 ,-1.0605 ,8.6427 ,
1.0000 ,8.5459 ,0.4510 ,-8.7943 ,-8.0294 ,-1.3066 ,8.4455 ,
1.0000 ,8.5349 ,0.4390 ,-8.8941 ,-7.3834 ,-1.3196 ,8.4323 ,
1.0000 ,8.5346 ,0.4448 ,-8.3508 ,-7.3834 ,-1.2395 ,8.4442 ,
1.0000 ,8.5345 ,0.4299 ,-8.6945 ,-6.7383 ,-1.2901 ,8.4364 ,
1.0000 ,8.5337 ,0.4342 ,-8.3614 ,-6.0941 ,-1.2409 ,8.4430 ,
1.0000 ,8.5336 ,0.4426 ,-8.0134 ,-8.0294 ,-1.1896 ,8.4503 ,
1.0000 ,8.5317 ,0.4333 ,-8.5737 ,-8.6745 ,-1.2719 ,8.4363 ,
1.0000 ,8.5306 ,0.4419 ,-8.4165 ,-5.4507 ,-1.2486 ,8.4388 ,
1.0000 ,8.5306 ,0.4409 ,-8.3954 ,-8.6745 ,-1.2455 ,8.4391 ,
1.0000 ,8.5282 ,0.4344 ,-8.3423 ,-7.3834 ,-1.2373 ,8.4379 ,
0.0000 ,0.9699 ,0.2648 ,15.4816 ,-21.9822 ,0.2589 ,0.9347 ,
0.0000 ,0.9687 ,0.2690 ,15.8392 ,14.5592 ,0.2644 ,0.9319 ,
0.0000 ,0.9682 ,0.2733 ,15.5340 ,11.9302 ,0.2593 ,0.9329 ,
0.0000 ,0.9681 ,0.2703 ,15.3901 ,-25.4772 ,0.2569 ,0.9334 ,
0.0000 ,0.9678 ,0.2785 ,15.7934 ,-24.7722 ,0.2634 ,0.9313 ,
0.0000 ,0.9676 ,0.2714 ,15.6493 ,-25.4772 ,0.2610 ,0.9317 ,
0.0000 ,0.9675 ,0.2741 ,15.5860 ,-23.3698 ,0.2600 ,0.9319 ,
0.0000 ,0.9671 ,0.2784 ,15.9175 ,14.5592 ,0.2652 ,0.9300 ,
0.0000 ,0.9669 ,0.2818 ,15.3443 ,-22.6742 ,0.2559 ,0.9325 ,
0.0000 ,0.0000 ,0.0000 ,0.0000 ,0.0000 ,0.2598 ,0.9312 ,
0.0000 ,0.0000 ,0.0000 ,0.0000 ,0.0000 ,12.9718 ,25.9436 ,
0.0000 ,0.0000 ,0.0000 ,0.0000 ,0.0000 ,-12.9718 ,25.9436 ,

4.0000 ,15.4546 ,0.2584 ,12.1780 ,-0.3210 ,3.2601 ,15.1068 ,
4.0000 ,15.4545 ,0.2435 ,10.9869 ,-2.8811 ,2.9454 ,15.1712 ,
4.0000 ,15.4545 ,0.2570 ,12.0731 ,4.1639 ,3.2325 ,15.1126 ,
4.0000 ,15.4544 ,0.2449 ,10.9934 ,5.4507 ,2.9471 ,15.1708 ,
4.0000 ,15.4543 ,0.2579 ,12.1329 ,2.2421 ,3.2482 ,15.1091 ,
4.0000 ,15.4540 ,0.2557 ,12.4961 ,6.0941 ,3.3438 ,15.0879 ,
4.0000 ,15.4539 ,0.2455 ,12.1051 ,5.4507 ,3.2408 ,15.1103 ,
4.0000 ,15.4535 ,0.2535 ,11.7404 ,1.5997 ,3.1444 ,15.1302 ,
4.0000 ,15.4531 ,0.2600 ,11.7257 ,4.8079 ,3.1405 ,15.1306 ,
4.0000 ,15.4518 ,0.2487 ,11.7576 ,5.4507 ,3.1487 ,15.1276 ,
3.0000 ,14.7620 ,1.0000 ,1.9680 ,2.2421 ,0.5069 ,14.7533 ,
3.0000 ,14.7619 ,1.0000 ,1.7687 ,1.6016 ,0.4556 ,14.7548 ,
3.0000 ,14.7618 ,1.0000 ,2.1782 ,2.2421 ,0.5611 ,14.7512 ,
3.0000 ,14.7617 ,1.0000 ,2.1951 ,3.5222 ,0.5654 ,14.7509 ,
3.0000 ,14.7617 ,1.0000 ,2.1445 ,3.5222 ,0.5524 ,14.7514 ,
3.0000 ,14.7616 ,1.0000 ,2.1822 ,2.2421 ,0.5621 ,14.7509 ,
3.0000 ,14.7616 ,1.0000 ,2.0121 ,1.6016 ,0.5183 ,14.7525 ,
3.0000 ,14.7615 ,1.0000 ,1.9680 ,1.6016 ,0.5069 ,14.7528 ,
3.0000 ,14.7615 ,1.0000 ,1.9511 ,2.2421 ,0.5026 ,14.7529 ,
3.0000 ,14.7613 ,1.0000 ,1.9263 ,3.0111 ,0.4962 ,14.7530 ,
2.0000 ,8.7098 ,0.7313 ,-6.9954 ,-6.0941 ,-1.0608 ,8.6449 ,
2.0000 ,8.7087 ,0.7437 ,-7.0059 ,-8.0275 ,-1.0622 ,8.6437 ,
2.0000 ,8.7083 ,0.7486 ,-7.3085 ,-6.7383 ,-1.1078 ,8.6376 ,
2.0000 ,8.7083 ,0.7663 ,-7.0059 ,-8.0275 ,-1.0622 ,8.6433 ,
2.0000 ,8.7081 ,0.7494 ,-6.9824 ,-8.0275 ,-1.0586 ,8.6435 ,
2.0000 ,8.7080 ,0.7327 ,-7.1622 ,-8.0275 ,-1.0857 ,8.6401 ,
2.0000 ,8.7080 ,0.7461 ,-7.3255 ,-6.7383 ,-1.1103 ,8.6369 ,
2.0000 ,8.7079 ,0.7301 ,-7.1582 ,-8.0275 ,-1.0851 ,8.6400 ,
2.0000 ,8.7077 ,0.7347 ,-6.9784 ,-7.3815 ,-1.0580 ,8.6432 ,
2.0000 ,8.7071 ,0.7302 ,-7.0543 ,-8.0275 ,-1.0693 ,8.6412 ,
1.0000 ,8.5454 ,0.4365 ,-9.0325 ,-8.0294 ,-1.3416 ,8.4394 ,
1.0000 ,8.5447 ,0.4467 ,-8.4400 ,-8.0275 ,-1.2541 ,8.4522 ,
1.0000 ,8.5402 ,0.4361 ,-8.2046 ,-8.6745 ,-1.2188 ,8.4528 ,
1.0000 ,8.5357 ,0.4400 ,-8.9558 ,-7.3834 ,-1.3288 ,8.4317 ,
1.0000 ,8.5342 ,0.4322 ,-7.3909 ,-6.7383 ,-1.0978 ,8.4633 ,
1.0000 ,8.5331 ,0.4301 ,-8.2637 ,-8.0275 ,-1.2265 ,8.4445 ,
1.0000 ,8.5300 ,0.4463 ,-8.5948 ,-9.9721 ,-1.2748 ,8.4342 ,
1.0000 ,8.5295 ,0.4466 ,-8.5056 ,-7.3834 ,-1.2616 ,8.4357 ,
1.0000 ,8.5281 ,0.4329 ,-8.6945 ,-6.7364 ,-1.2892 ,8.4301 ,
1.0000 ,8.5272 ,0.4337 ,-8.8324 ,-8.6745 ,-1.3093 ,8.4260 ,
0.0000 ,0.9692 ,0.2687 ,15.7826 ,-22.6742 ,0.2636 ,0.9327 ,
0.0000 ,0.9690 ,0.2767 ,15.3269 ,-20.6080 ,0.2561 ,0.9345 ,
0.0000 ,0.9689 ,0.2750 ,15.3860 ,-23.3678 ,0.2571 ,0.9342 ,
0.0000 ,0.9684 ,0.2759 ,15.9768 ,-22.6722 ,0.2666 ,0.9310 ,
0.0000 ,0.9679 ,0.2735 ,15.3618 ,-22.6722 ,0.2564 ,0.9333 ,
0.0000 ,0.9677 ,0.2734 ,15.1574 ,-22.6722 ,0.2530 ,0.9340 ,
0.0000 ,0.9674 ,0.2629 ,15.4466 ,-19.9255 ,0.2577 ,0.9325 ,
0.0000 ,0.9672 ,0.2683 ,14.9250 ,-22.6722 ,0.2491 ,0.9346 ,
0.0000 ,0.9670 ,0.2774 ,16.0551 ,-23.3698 ,0.2674 ,0.9293 ,
0.0000 ,0.0000 ,0.0000 ,0.0000 ,0.0000 ,0.2556 ,0.9325 ,
0.0000 ,0.0000 ,0.0000 ,0.0000 ,0.0000 ,12.9718 ,25.9436 ,
0.0000 ,0.0000 ,0.0000 ,0.0000 ,0.0000 ,-12.9718 ,25.9436 ,

