11.7652 ,-5.5855 ,1.9175 ,77.1730 ,
2.8916 ,-3.0054 ,0.0450 ,87.2134 ,
0.9030 ,-8.0057 ,0.3019 ,73.1864 ,
11.8765 ,14.3963 ,1.5976 ,64.6768 ,
9.5564 ,30.3025 ,0.7256 ,22.5531 ,
2.8919 ,-2.9837 ,0.0432 ,87.5298 ,
0.9115 ,-5.7523 ,0.3057 ,70.6852 ,
9.9739 ,23.3152 ,0.2315 ,27.0865 ,
7.5722 ,31.8463 ,0.4724 ,36.3421 ,
6.7365 ,31.8481 ,0.2680 ,69.1432 ,
5.1446 ,14.9178 ,1.3505 ,72.5418 ,
4.3401 ,8.7071 ,0.4754 ,78.6759 ,
0.9707 ,-22.5775 ,0.0047 ,65.9133 ,
14.3191 ,-15.5493 ,0.7008 ,64.8800 ,
9.3934 ,-42.9560 ,0.5297 ,49.4385 ,
8.1337 ,-36.0761 ,0.9545 ,59.9331 ,
7.6112 ,-30.9211 ,1.2922 ,55.0835 ,
6.0078 ,-19.8633 ,1.3576 ,67.6194 ,
2.8919 ,-2.9334 ,0.0225 ,86.5266 ,
0.8994 ,-7.4859 ,0.3093 ,74.7005 ,
15.4273 ,-23.0599 ,0.1736 ,63.5757 ,
13.8324 ,-31.9980 ,5.5091 ,38.3841 ,
11.6954 ,-37.6274 ,1.3793 ,17.8166 ,
10.2329 ,-41.9117 ,0.2696 ,49.2598 ,
2.9181 ,-3.1158 ,0.1986 ,62.6720 ,
2.2483 ,22.6658 ,0.1234 ,31.0657 ,
1.1286 ,1.2737 ,0.0133 ,85.8887 ,
0.9378 ,-17.7064 ,0.2285 ,81.3585 ,
0.8582 ,15.6936 ,0.0055 ,77.2414 ,
14.2645 ,-8.4889 ,2.0194 ,73.8756 ,
2.9017 ,-3.7704 ,0.1026 ,73.5588 ,
0.8980 ,-7.1591 ,0.3092 ,74.4497 ,
19.4463 ,9.9631 ,0.3157 ,25.2556 ,
18.2031 ,11.4771 ,0.7438 ,28.2910 ,
16.2810 ,4.1355 ,0.0000 ,0.0000 ,
15.0426 ,4.2773 ,0.5847 ,76.2139 ,
2.9209 ,-4.3162 ,0.1950 ,73.4020 ,
2.2045 ,22.8647 ,0.0917 ,26.1803 ,
0.9461 ,-3.0611 ,0.2933 ,64.3785 ,
0.8753 ,-6.2754 ,0.3142 ,80.5231 ,
0.9705 ,-22.7235 ,0.0056 ,67.3343 ,
22.1097 ,-2.7240 ,1.8277 ,79.1643 ,
2.9447 ,-5.7565 ,0.2845 ,63.0997 ,
2.2153 ,22.9158 ,0.1052 ,34.0631 ,
1.1284 ,1.4215 ,0.0148 ,85.9390 ,
0.9706 ,-22.6443 ,0.0055 ,67.1108 ,
0.8537 ,15.0505 ,0.1283 ,87.6757 ,
21.3987 ,-11.4634 ,0.4625 ,33.0222 ,
2.9692 ,-5.8369 ,0.2845 ,61.7942 ,
2.2019 ,23.7302 ,0.1029 ,35.0167 ,
1.1285 ,1.2499 ,0.0146 ,86.5292 ,
0.9705 ,-22.5960 ,0.0051 ,65.1170 ,
0.8628 ,16.8041 ,0.0250 ,86.3037 ,
17.1366 ,-26.8085 ,0.0000 ,0.0000 ,
14.1839 ,-28.2360 ,0.0000 ,0.0000 ,
12.9672 ,-26.4873 ,0.7047 ,52.2540 ,
11.7732 ,-22.1506 ,0.4020 ,75.0176 ,
2.9640 ,-4.5016 ,0.2899 ,57.8132 ,
2.2160 ,24.0587 ,0.0896 ,17.7449 ,
1.1278 ,1.1711 ,0.0171 ,86.3055 ,
0.9707 ,-22.6380 ,0.0043 ,65.5370 ,
0.8441 ,12.6125 ,0.1780 ,88.0779 ,
12.1784 ,3.1666 ,2.3992 ,87.1337 ,
11.6175 ,-4.6245 ,1.3626 ,75.1396 ,
2.8922 ,-2.8168 ,0.0241 ,86.1980 ,
0.9118 ,-10.7627 ,0.2913 ,74.5492 ,
11.6309 ,15.8592 ,1.5966 ,57.3469 ,
8.9488 ,31.2186 ,1.0101 ,26.5578 ,
2.8735 ,-3.8879 ,0.2379 ,69.6640 ,
0.9161 ,-8.1417 ,0.2998 ,70.6432 ,
9.6657 ,24.3375 ,0.0000 ,0.0000 ,
7.1298 ,32.4171 ,0.5849 ,33.2297 ,
6.1665 ,32.5704 ,0.4788 ,61.1547 ,
4.7911 ,13.9021 ,1.1799 ,75.7066 ,
4.0753 ,9.2255 ,0.4705 ,84.7264 ,
0.9710 ,-22.5650 ,0.0064 ,65.6447 ,
14.1631 ,-12.3155 ,0.7100 ,63.6746 ,
9.5146 ,-42.7059 ,0.2880 ,61.3895 ,
8.8749 ,-35.6571 ,0.8021 ,60.5502 ,
8.2928 ,-33.0502 ,0.8715 ,58.0852 ,
6.1058 ,-17.4405 ,1.4889 ,62.8977 ,
2.8922 ,-3.0649 ,0.0402 ,85.6746 ,
0.9220 ,-9.8868 ,0.2933 ,70.7727 ,
15.5728 ,-26.1507 ,1.4199 ,47.7404 ,
14.2539 ,-30.7829 ,0.0000 ,0.0000 ,
11.5075 ,-40.1757 ,0.8311 ,15.5446 ,
10.1238 ,-43.3039 ,0.2303 ,64.8928 ,
2.9049 ,-3.9275 ,0.1932 ,56.4828 ,
2.2270 ,22.9370 ,0.1136 ,28.5217 ,
1.1287 ,0.9125 ,0.0089 ,85.0849 ,
0.8672 ,-5.3349 ,0.3169 ,83.5745 ,
15.5360 ,-18.2141 ,0.1652 ,9.9662 ,
14.3297 ,-10.0677 ,2.1363 ,80.3875 ,
2.8924 ,-3.2959 ,0.0357 ,85.9249 ,
2.1680 ,24.9978 ,0.0000 ,0.0000 ,
0.8968 ,-7.5888 ,0.3026 ,74.9793 ,
17.9286 ,12.8490 ,0.4001 ,20.4771 ,
15.1269 ,4.6735 ,1.4616 ,59.8780 ,
14.2909 ,-0.7883 ,0.0000 ,0.0000 ,
2.9327 ,-3.6634 ,0.1708 ,50.2104 ,
2.1986 ,23.4796 ,0.0758 ,21.2207 ,
1.1283 ,1.3492 ,0.0138 ,86.6633 ,
0.9707 ,-22.8508 ,0.0058 ,68.3280 ,
0.8610 ,16.2081 ,0.0221 ,86.0036 ,
19.3539 ,11.6187 ,0.6970 ,43.1827 ,
2.9204 ,-3.6863 ,0.1376 ,53.6233 ,
2.1879 ,24.6221 ,0.0678 ,27.1289 ,
0.9502 ,-2.2736 ,0.2896 ,63.4622 ,
1.1289 ,1.6330 ,0.0136 ,86.5204 ,
0.9708 ,-22.6387 ,0.0052 ,65.0662 ,
0.8722 ,18.7280 ,0.0074 ,71.7862 ,
22.1459 ,-3.1125 ,1.7803 ,73.9812 ,
2.9623 ,-5.7254 ,0.3004 ,64.7055 ,
2.2155 ,23.8437 ,0.0804 ,22.3122 ,
1.0234 ,-10.2379 ,0.2334 ,59.8461 ,
0.8581 ,15.7539 ,0.0070 ,76.4533 ,
19.1770 ,-18.1215 ,0.0000 ,0.0000 ,
3.2553 ,-6.2101 ,0.3624 ,77.9257 ,
2.9283 ,-4.5930 ,0.1580 ,71.1596 ,
2.2188 ,23.5693 ,0.0752 ,17.7563 ,
1.0267 ,-9.6872 ,0.2343 ,59.9616 ,
0.8580 ,15.6999 ,0.0075 ,75.2211 ,
14.8609 ,-26.1649 ,1.5224 ,79.2538 ,
13.7898 ,-29.5534 ,0.0293 ,74.7399 ,
12.7543 ,-28.1276 ,0.7612 ,63.8712 ,
11.5620 ,-19.8138 ,0.7808 ,77.2182 ,
2.9105 ,-4.3770 ,0.2008 ,72.6052 ,
2.2064 ,23.5826 ,0.0818 ,24.7030 ,
1.1287 ,1.3402 ,0.0103 ,86.6926 ,
0.9230 ,-16.5769 ,0.2493 ,83.8216 ,
0.8579 ,15.5510 ,0.0062 ,77.5613 ,
13.0198 ,12.9022 ,0.4296 ,63.4742 ,
11.8299 ,-2.3939 ,1.6062 ,77.1172 ,
11.1461 ,-12.3224 ,0.5369 ,76.3166 ,
2.8924 ,-3.5244 ,0.0346 ,86.9393 ,
0.8862 ,-6.9972 ,0.3090 ,77.4800 ,
12.2067 ,20.2867 ,1.5978 ,59.1165 ,
11.1965 ,30.9648 ,0.5710 ,63.5060 ,
9.9948 ,34.5460 ,0.8995 ,16.6262 ,
9.0244 ,34.0558 ,0.0000 ,0.0000 ,
2.7924 ,-0.1798 ,0.4407 ,53.0119 ,
0.9118 ,-5.6365 ,0.3039 ,70.3238 ,
7.9463 ,34.6885 ,0.7916 ,29.6848 ,
6.8886 ,35.4264 ,0.0449 ,62.4572 ,
6.4923 ,32.7878 ,0.4113 ,60.0677 ,
5.0786 ,15.8817 ,1.0860 ,75.0357 ,
2.8614 ,-4.7069 ,0.2439 ,66.4964 ,
0.9285 ,-8.3851 ,0.2975 ,69.2857 ,
14.5191 ,-17.5091 ,0.6065 ,63.0096 ,
8.4283 ,-28.2861 ,0.0000 ,0.0000 ,
6.2025 ,-20.3256 ,1.4748 ,68.0439 ,
2.8934 ,-2.8632 ,0.0332 ,86.8251 ,
0.8996 ,-13.2811 ,0.2823 ,83.5279 ,
12.5162 ,-35.9895 ,0.2190 ,59.6445 ,
11.0251 ,-39.2842 ,0.7126 ,27.6471 ,
8.8348 ,-41.5520 ,0.0000 ,0.0000 ,
8.1369 ,-37.4855 ,0.5895 ,45.4761 ,
2.8998 ,-3.4410 ,0.1040 ,76.8756 ,
2.2078 ,25.1768 ,0.1032 ,22.3895 ,
0.9228 ,-4.6785 ,0.3012 ,68.0198 ,
15.5809 ,-21.7863 ,0.7445 ,77.7670 ,
14.2142 ,-14.0358 ,1.9195 ,75.1638 ,
2.8788 ,-3.8048 ,0.1585 ,66.5884 ,
2.2278 ,24.0610 ,0.1013 ,4.7495 ,
1.1283 ,1.3119 ,0.0094 ,85.1717 ,
0.9432 ,-19.1269 ,0.1929 ,83.6416 ,
0.8581 ,15.6097 ,0.0069 ,76.6759 ,
16.6736 ,9.6731 ,1.1817 ,75.3538 ,
14.4330 ,-0.4935 ,1.1274 ,74.8690 ,
2.9039 ,-4.3557 ,0.2029 ,68.8019 ,
2.2259 ,22.5116 ,0.0840 ,19.5228 ,
1.1285 ,1.1792 ,0.0152 ,87.8714 ,
0.9707 ,-22.3335 ,0.0054 ,67.6740 ,
0.8600 ,16.1409 ,0.0190 ,85.8811 ,
18.7696 ,10.8884 ,1.3354 ,22.9763 ,
2.9446 ,-5.5674 ,0.2739 ,72.0565 ,
2.2175 ,22.9174 ,0.0882 ,27.3692 ,
0.9911 ,-8.8674 ,0.2661 ,62.8749 ,
21.4227 ,-6.1174 ,2.4462 ,63.7781 ,
2.8898 ,-5.1018 ,0.2699 ,68.8036 ,
2.1851 ,23.8292 ,0.0672 ,34.9206 ,
1.0222 ,-10.7320 ,0.2303 ,59.4281 ,
0.8584 ,15.7302 ,0.0073 ,75.6332 ,
19.0049 ,-24.2864 ,0.0000 ,0.0000 ,
3.1448 ,-11.2893 ,0.3556 ,71.2736 ,
2.9020 ,-3.0678 ,0.0980 ,71.7553 ,
2.7276 ,-15.5929 ,0.1219 ,76.9216 ,
2.2189 ,23.1636 ,0.0887 ,28.3439 ,
1.0263 ,-9.6426 ,0.2355 ,60.1140 ,
0.8578 ,15.5547 ,0.0063 ,76.1912 ,
