0.0000 ,1.9313 ,0.0263 ,-10.6322 ,14.5592 ,-0.3563 ,1.8982 ,
1.0000 ,2.3908 ,0.0361 ,24.6418 ,19.2460 ,0.9968 ,2.1731 ,
2.0000 ,2.5933 ,0.0313 ,17.8064 ,13.8988 ,0.7930 ,2.4691 ,
3.0000 ,10.6291 ,1.0000 ,-24.8961 ,-25.4792 ,-4.4746 ,9.6413 ,
4.0000 ,15.0603 ,0.2237 ,-23.5930 ,-24.0670 ,-6.0277 ,13.8014 ,
0.0000 ,2.3939 ,0.0340 ,24.3647 ,19.2460 ,0.9876 ,2.1807 ,
1.0000 ,2.5792 ,0.0322 ,21.3307 ,11.2748 ,0.9382 ,2.4025 ,
2.0000 ,10.1466 ,0.0273 ,-27.0369 ,-26.9062 ,-4.6123 ,9.0377 ,
3.0000 ,10.6290 ,1.0000 ,-24.8334 ,-27.6242 ,-4.4640 ,9.6462 ,
4.0000 ,15.0602 ,0.2248 ,-23.4190 ,-24.0670 ,-5.9857 ,13.8196 ,
0.0000 ,1.9334 ,0.0266 ,-11.9870 ,15.2216 ,-0.4016 ,1.8913 ,
1.0000 ,2.3938 ,0.0343 ,25.2736 ,20.2485 ,1.0220 ,2.1647 ,
2.0000 ,2.5821 ,0.0303 ,20.5757 ,13.2402 ,0.9075 ,2.4173 ,
3.0000 ,10.6289 ,1.0000 ,-24.8634 ,-27.6242 ,-4.4690 ,9.6437 ,
4.0000 ,15.0600 ,0.2240 ,-23.3823 ,-23.3678 ,-5.9768 ,13.8232 ,
0.0000 ,2.3938 ,0.0341 ,24.1810 ,20.6060 ,0.9805 ,2.1837 ,
1.0000 ,2.5810 ,0.0307 ,21.0178 ,9.3246 ,0.9257 ,2.4093 ,
2.0000 ,2.7201 ,0.0263 ,-33.4948 ,-10.6246 ,-1.5011 ,2.2684 ,
3.0000 ,10.6288 ,1.0000 ,-24.7989 ,-27.6242 ,-4.4581 ,9.6487 ,
4.0000 ,15.0599 ,0.2243 ,-23.4147 ,-22.6742 ,-5.9846 ,13.8198 ,
0.0000 ,2.3902 ,0.0358 ,25.1417 ,21.2914 ,1.0155 ,2.1638 ,
1.0000 ,2.5850 ,0.0311 ,20.0606 ,6.7383 ,0.8867 ,2.4282 ,
2.0000 ,2.7224 ,0.0276 ,-34.8496 ,6.7364 ,-1.5557 ,2.2342 ,
3.0000 ,10.6289 ,1.0000 ,-24.8661 ,-26.9040 ,-4.4694 ,9.6435 ,
4.0000 ,15.0601 ,0.2260 ,-23.3596 ,-22.6722 ,-5.9714 ,13.8257 ,
0.0000 ,1.9318 ,0.0265 ,-11.9444 ,13.9007 ,-0.3998 ,1.8899 ,
1.0000 ,2.3917 ,0.0353 ,24.3076 ,20.6060 ,0.9845 ,2.1796 ,
2.0000 ,2.5800 ,0.0289 ,20.7213 ,9.3246 ,0.9129 ,2.4131 ,
3.0000 ,10.6289 ,1.0000 ,-24.8404 ,-26.1884 ,-4.4651 ,9.6455 ,
4.0000 ,15.0600 ,0.2246 ,-23.5152 ,-23.3698 ,-6.0088 ,13.8093 ,
0.0000 ,2.3925 ,0.0350 ,25.2249 ,21.1109 ,1.0196 ,2.1644 ,
1.0000 ,2.5817 ,0.0297 ,20.2152 ,15.2216 ,0.8921 ,2.4227 ,
2.0000 ,3.5093 ,0.0270 ,12.7886 ,-9.3227 ,0.7768 ,3.4222 ,
3.0000 ,10.6289 ,1.0000 ,-24.8334 ,-26.1905 ,-4.4639 ,9.6461 ,
4.0000 ,15.0597 ,0.2249 ,-23.3369 ,-23.3678 ,-5.9657 ,13.8276 ,
0.0000 ,1.6786 ,0.0273 ,12.4083 ,-6.7364 ,0.3607 ,1.6394 ,
1.0000 ,2.3930 ,0.0353 ,24.5819 ,15.8881 ,0.9955 ,2.1761 ,
2.0000 ,2.5836 ,0.0297 ,19.9625 ,8.0294 ,0.8820 ,2.4283 ,
3.0000 ,10.6287 ,1.0000 ,-24.8820 ,-26.9040 ,-4.4720 ,9.6421 ,
4.0000 ,15.0598 ,0.2237 ,-23.4601 ,-24.0691 ,-5.9955 ,13.8149 ,
0.0000 ,1.9312 ,0.0268 ,-11.6504 ,14.5611 ,-0.3900 ,1.8914 ,
1.0000 ,2.3921 ,0.0354 ,24.7204 ,20.6080 ,1.0004 ,2.1729 ,
2.0000 ,2.5810 ,0.0308 ,21.0289 ,10.6246 ,0.9262 ,2.4091 ,
3.0000 ,10.6287 ,1.0000 ,-24.8475 ,-27.0367 ,-4.4663 ,9.6448 ,
4.0000 ,15.0597 ,0.2268 ,-23.4968 ,-22.6742 ,-6.0043 ,13.8110 ,
0.0000 ,1.4583 ,0.0322 ,-73.6574 ,79.7537 ,-1.3994 ,0.4103 ,
1.0000 ,2.3926 ,0.0348 ,25.4875 ,20.6060 ,1.0296 ,2.1597 ,
2.0000 ,2.5837 ,0.0306 ,20.1212 ,11.9283 ,0.8888 ,2.4260 ,
3.0000 ,10.6287 ,1.0000 ,-24.8961 ,-26.9040 ,-4.4744 ,9.6410 ,
4.0000 ,15.0598 ,0.2263 ,-23.5222 ,-24.0670 ,-6.0104 ,13.8084 ,
0.0000 ,1.4658 ,0.0364 ,-65.1375 ,-65.5928 ,-1.3299 ,0.6163 ,
1.0000 ,2.3947 ,0.0335 ,25.4431 ,19.2460 ,1.0288 ,2.1624 ,
2.0000 ,2.5755 ,0.0309 ,22.0378 ,12.5834 ,0.9664 ,2.3873 ,
3.0000 ,10.6287 ,1.0000 ,-24.8290 ,-24.7722 ,-4.4631 ,9.6462 ,
4.0000 ,15.0598 ,0.2227 ,-23.3186 ,-22.6722 ,-5.9613 ,13.8297 ,
0.0000 ,1.6798 ,0.0261 ,12.2470 ,2.2402 ,0.3563 ,1.6415 ,
1.0000 ,2.3913 ,0.0352 ,24.7247 ,17.2239 ,1.0002 ,2.1721 ,
2.0000 ,2.5813 ,0.0288 ,20.5038 ,9.9721 ,0.9042 ,2.4178 ,
3.0000 ,10.6287 ,1.0000 ,-24.8334 ,-25.4792 ,-4.4638 ,9.6459 ,
4.0000 ,15.0602 ,0.2228 ,-23.4007 ,-24.7701 ,-5.9813 ,13.8215 ,
0.0000 ,1.9293 ,0.0272 ,-10.9056 ,15.8881 ,-0.3650 ,1.8945 ,
1.0000 ,2.3912 ,0.0351 ,24.8705 ,20.4104 ,1.0057 ,2.1695 ,
2.0000 ,2.5821 ,0.0280 ,20.3335 ,12.5853 ,0.8972 ,2.4212 ,
3.0000 ,10.6287 ,1.0000 ,-24.8219 ,-26.1905 ,-4.4619 ,9.6468 ,
4.0000 ,15.0598 ,0.2258 ,-23.3553 ,-21.9822 ,-5.9702 ,13.8259 ,
0.0000 ,1.9307 ,0.0268 ,-10.5808 ,13.9007 ,-0.3545 ,1.8978 ,
1.0000 ,2.3919 ,0.0346 ,24.7062 ,16.5548 ,0.9997 ,2.1729 ,
2.0000 ,2.5905 ,0.0315 ,18.2211 ,11.9283 ,0.8100 ,2.4606 ,
3.0000 ,10.6287 ,1.0000 ,-24.8590 ,-26.1905 ,-4.4682 ,9.6439 ,
4.0000 ,15.0603 ,0.2265 ,-23.4444 ,-25.4772 ,-5.9919 ,13.8171 ,
0.0000 ,1.9305 ,0.0284 ,-10.7260 ,-15.2216 ,-0.3593 ,1.8968 ,
1.0000 ,2.3913 ,0.0343 ,25.8509 ,21.2914 ,1.0427 ,2.1520 ,
2.0000 ,2.5791 ,0.0322 ,21.3015 ,14.5592 ,0.9369 ,2.4029 ,
3.0000 ,10.6288 ,1.0000 ,-24.8519 ,-26.9040 ,-4.4670 ,9.6445 ,
4.0000 ,15.0601 ,0.2249 ,-23.2933 ,-26.1884 ,-5.9553 ,13.8326 ,
0.0000 ,1.9296 ,0.0283 ,-9.7130 ,13.8988 ,-0.3256 ,1.9020 ,
1.0000 ,2.3942 ,0.0355 ,24.4224 ,18.5693 ,0.9899 ,2.1800 ,
2.0000 ,2.5792 ,0.0297 ,21.0719 ,9.9740 ,0.9273 ,2.4067 ,
3.0000 ,10.6288 ,1.0000 ,-24.8060 ,-26.9040 ,-4.4593 ,9.6481 ,
4.0000 ,15.0602 ,0.2247 ,-23.3666 ,-24.7701 ,-5.9731 ,13.8250 ,
0.0000 ,1.9325 ,0.0267 ,-11.4086 ,15.8861 ,-0.3823 ,1.8943 ,
1.0000 ,2.3930 ,0.0330 ,24.9792 ,18.5674 ,1.0106 ,2.1692 ,
2.0000 ,2.5858 ,0.0301 ,19.6702 ,11.2748 ,0.8704 ,2.4349 ,
3.0000 ,10.6286 ,1.0000 ,-24.9262 ,-25.4792 ,-4.4794 ,9.6386 ,
4.0000 ,15.0599 ,0.2231 ,-23.4671 ,-26.1884 ,-5.9972 ,13.8143 ,
0.0000 ,1.9299 ,0.0264 ,-12.0903 ,14.5611 ,-0.4042 ,1.8871 ,
1.0000 ,2.3925 ,0.0347 ,25.0880 ,19.9255 ,1.0144 ,2.1667 ,
2.0000 ,2.5829 ,0.0305 ,20.9169 ,8.0294 ,0.9221 ,2.4127 ,
3.0000 ,10.6288 ,1.0000 ,-24.8590 ,-26.9040 ,-4.4682 ,9.6440 ,
4.0000 ,15.0600 ,0.2213 ,-23.4487 ,-19.9255 ,-5.9928 ,13.8163 ,
0.0000 ,2.3938 ,0.0335 ,24.3190 ,17.8953 ,0.9858 ,2.1814 ,
1.0000 ,2.5797 ,0.0309 ,20.7754 ,7.3834 ,0.9150 ,2.4120 ,
2.0000 ,2.7205 ,0.0252 ,-37.0513 ,6.7383 ,-1.6392 ,2.1712 ,
3.0000 ,10.6288 ,1.0000 ,-24.8290 ,-26.4761 ,-4.4631 ,9.6463 ,
4.0000 ,15.0604 ,0.2229 ,-23.4444 ,-24.0670 ,-5.9919 ,13.8171 ,
0.0000 ,1.9307 ,0.0282 ,-10.5808 ,15.8861 ,-0.3545 ,1.8978 ,
1.0000 ,2.3921 ,0.0365 ,24.5378 ,17.8934 ,0.9934 ,2.1761 ,
2.0000 ,2.5817 ,0.0309 ,20.1571 ,9.3246 ,0.8897 ,2.4236 ,
3.0000 ,10.6288 ,1.0000 ,-24.8961 ,-26.9040 ,-4.4744 ,9.6411 ,
4.0000 ,15.0600 ,0.2226 ,-23.4147 ,-24.7701 ,-5.9846 ,13.8198 ,
0.0000 ,1.9329 ,0.0260 ,-10.5662 ,14.5592 ,-0.3544 ,1.9001 ,
1.0000 ,2.3930 ,0.0337 ,25.3855 ,21.4971 ,1.0259 ,2.1619 ,
2.0000 ,2.5846 ,0.0301 ,19.8039 ,6.7383 ,0.8757 ,2.4317 ,
3.0000 ,10.6288 ,1.0000 ,-24.9421 ,-27.6242 ,-4.4822 ,9.6375 ,
4.0000 ,15.0601 ,0.2235 ,-23.6184 ,-24.7701 ,-6.0337 ,13.7986 ,
0.0000 ,1.9295 ,0.0260 ,-10.3632 ,13.2421 ,-0.3471 ,1.8980 ,
1.0000 ,2.3916 ,0.0357 ,25.1066 ,19.0533 ,1.0148 ,2.1657 ,
2.0000 ,2.5826 ,0.0294 ,19.9983 ,9.3246 ,0.8832 ,2.4269 ,
3.0000 ,10.6288 ,1.0000 ,-24.8219 ,-25.2376 ,-4.4620 ,9.6469 ,
4.0000 ,15.0599 ,0.2249 ,-23.3369 ,-24.7701 ,-5.9658 ,13.8279 ,
0.0000 ,1.9304 ,0.0258 ,-9.5451 ,11.9283 ,-0.3201 ,1.9037 ,
1.0000 ,2.3929 ,0.0341 ,24.7318 ,18.5674 ,1.0011 ,2.1734 ,
2.0000 ,2.5791 ,0.0305 ,21.6193 ,12.5834 ,0.9502 ,2.3977 ,
3.0000 ,10.6288 ,1.0000 ,-24.8820 ,-25.4792 ,-4.4721 ,9.6422 ,
4.0000 ,15.0601 ,0.2217 ,-23.3963 ,-21.9822 ,-5.9802 ,13.8218 ,
0.0000 ,1.9308 ,0.0282 ,-10.0752 ,15.2216 ,-0.3378 ,1.9010 ,
1.0000 ,2.3927 ,0.0351 ,25.3970 ,20.6080 ,1.0262 ,2.1615 ,
2.0000 ,2.5933 ,0.0291 ,16.6479 ,12.5834 ,0.7429 ,2.4846 ,
3.0000 ,10.6288 ,1.0000 ,-24.8590 ,-26.9040 ,-4.4682 ,9.6440 ,
4.0000 ,15.0598 ,0.2232 ,-23.5108 ,-20.6060 ,-6.0077 ,13.8096 ,
0.0000 ,1.9304 ,0.0258 ,-11.5927 ,15.8861 ,-0.3879 ,1.8910 ,
1.0000 ,2.3925 ,0.0348 ,24.5492 ,22.6722 ,0.9940 ,2.1762 ,
2.0000 ,2.5825 ,0.0281 ,20.5466 ,4.1639 ,0.9064 ,2.4183 ,
3.0000 ,10.6288 ,1.0000 ,-24.8334 ,-25.4792 ,-4.4639 ,9.6460 ,
4.0000 ,15.0600 ,0.2251 ,-23.4557 ,-20.6080 ,-5.9945 ,13.8155 ,

0.0000 ,1.9291 ,0.0271 ,-9.2770 ,16.5548 ,-0.3110 ,1.9039 ,
1.0000 ,2.3919 ,0.0346 ,24.8175 ,18.5693 ,1.0039 ,2.1710 ,
2.0000 ,2.5816 ,0.0297 ,20.3763 ,10.6227 ,0.8989 ,2.4201 ,
3.0000 ,10.6288 ,1.0000 ,-24.8519 ,-26.1905 ,-4.4670 ,9.6445 ,
4.0000 ,15.0601 ,0.2234 ,-23.4557 ,-20.6080 ,-5.9945 ,13.8156 ,
0.0000 ,1.9325 ,0.0278 ,-10.3355 ,16.5529 ,-0.3467 ,1.9012 ,
1.0000 ,2.3926 ,0.0343 ,24.7062 ,19.9255 ,1.0000 ,2.1736 ,
2.0000 ,2.5792 ,0.0302 ,21.2722 ,9.9721 ,0.9358 ,2.4035 ,
3.0000 ,10.6288 ,1.0000 ,-24.8820 ,-25.4792 ,-4.4721 ,9.6422 ,
4.0000 ,15.0602 ,0.2240 ,-23.4784 ,-21.9802 ,-6.0000 ,13.8134 ,
0.0000 ,2.3923 ,0.0349 ,25.0164 ,22.6742 ,1.0117 ,2.1679 ,
1.0000 ,2.5224 ,0.0292 ,12.5971 ,-0.9612 ,0.5501 ,2.4617 ,
2.0000 ,10.6287 ,1.0000 ,-24.8060 ,-28.3492 ,-4.4593 ,9.6481 ,
3.0000 ,11.1099 ,0.0291 ,-26.9190 ,-27.6264 ,-5.0298 ,9.9062 ,
4.0000 ,15.0602 ,0.2241 ,-23.4147 ,-24.7701 ,-5.9847 ,13.8201 ,
0.0000 ,1.9312 ,0.0269 ,-11.5305 ,14.5611 ,-0.3860 ,1.8923 ,
1.0000 ,2.3937 ,0.0345 ,25.1575 ,17.8934 ,1.0176 ,2.1666 ,
2.0000 ,2.5805 ,0.0297 ,21.2000 ,9.3227 ,0.9332 ,2.4059 ,
3.0000 ,10.6288 ,1.0000 ,-24.8590 ,-26.3000 ,-4.4682 ,9.6440 ,
4.0000 ,15.0604 ,0.2239 ,-23.2156 ,-24.0670 ,-5.9367 ,13.8409 ,
0.0000 ,1.9295 ,0.0277 ,-9.8156 ,-13.2421 ,-0.3289 ,1.9012 ,
1.0000 ,2.3921 ,0.0351 ,25.0536 ,21.2914 ,1.0130 ,2.1671 ,
2.0000 ,2.5812 ,0.0307 ,20.9705 ,13.9007 ,0.9238 ,2.4103 ,
3.0000 ,10.6287 ,1.0000 ,-24.8475 ,-26.9040 ,-4.4662 ,9.6448 ,
4.0000 ,15.0601 ,0.2226 ,-23.3229 ,-24.0670 ,-5.9625 ,13.8295 ,
0.0000 ,2.3924 ,0.0351 ,25.2205 ,21.2914 ,1.0194 ,2.1644 ,
1.0000 ,2.5827 ,0.0312 ,20.7102 ,6.7383 ,0.9134 ,2.4158 ,
2.0000 ,10.6288 ,1.0000 ,-24.8219 ,-25.4792 ,-4.4619 ,9.6469 ,
3.0000 ,11.1102 ,0.0301 ,-26.1006 ,-26.9062 ,-4.8879 ,9.9773 ,
4.0000 ,15.0597 ,0.2247 ,-23.3823 ,-24.7701 ,-5.9767 ,13.8230 ,
0.0000 ,1.9306 ,0.0275 ,-10.3314 ,13.8988 ,-0.3462 ,1.8993 ,
1.0000 ,2.3929 ,0.0353 ,24.5819 ,20.6060 ,0.9954 ,2.1760 ,
2.0000 ,2.5802 ,0.0288 ,21.8770 ,10.6246 ,0.9614 ,2.3944 ,
3.0000 ,10.6288 ,1.0000 ,-24.8104 ,-27.6242 ,-4.4600 ,9.6478 ,
4.0000 ,15.0601 ,0.2254 ,-23.4487 ,-24.0670 ,-5.9928 ,13.8164 ,
0.0000 ,1.9313 ,0.0261 ,-10.3909 ,15.8881 ,-0.3483 ,1.8997 ,
1.0000 ,2.3945 ,0.0351 ,24.9907 ,17.8953 ,1.0116 ,2.1703 ,
2.0000 ,2.5813 ,0.0304 ,20.6382 ,12.5834 ,0.9098 ,2.4157 ,
3.0000 ,10.6288 ,1.0000 ,-24.8519 ,-26.1905 ,-4.4670 ,9.6445 ,
4.0000 ,15.0600 ,0.2262 ,-23.3116 ,-19.9235 ,-5.9597 ,13.8306 ,
0.0000 ,1.9319 ,0.0256 ,-12.3804 ,-17.8934 ,-0.4142 ,1.8870 ,
1.0000 ,2.3919 ,0.0351 ,24.3005 ,20.6060 ,0.9843 ,2.1800 ,
2.0000 ,2.5810 ,0.0307 ,20.0743 ,10.6227 ,0.8859 ,2.4242 ,
3.0000 ,10.6288 ,1.0000 ,-24.7875 ,-25.4792 ,-4.4562 ,9.6496 ,
4.0000 ,15.0603 ,0.2229 ,-23.4330 ,-23.3678 ,-5.9891 ,13.8182 ,
0.0000 ,1.9311 ,0.0268 ,-10.6322 ,15.2216 ,-0.3563 ,1.8980 ,
1.0000 ,2.3922 ,0.0356 ,24.5193 ,19.9235 ,0.9927 ,2.1764 ,
2.0000 ,2.5807 ,0.0307 ,20.8920 ,8.6764 ,0.9203 ,2.4110 ,
3.0000 ,10.6288 ,1.0000 ,-24.8634 ,-26.0397 ,-4.4689 ,9.6436 ,
4.0000 ,15.0603 ,0.2242 ,-23.4487 ,-21.9822 ,-5.9929 ,13.8165 ,
0.0000 ,1.9302 ,0.0268 ,-11.0040 ,-13.2402 ,-0.3684 ,1.8947 ,
1.0000 ,2.3917 ,0.0335 ,23.4033 ,21.2914 ,0.9500 ,2.1949 ,
2.0000 ,2.5848 ,0.0299 ,19.6302 ,9.9740 ,0.8684 ,2.4346 ,
3.0000 ,10.6288 ,1.0000 ,-24.7875 ,-25.4792 ,-4.4561 ,9.6495 ,
4.0000 ,15.0598 ,0.2250 ,-23.4671 ,-22.6722 ,-5.9972 ,13.8142 ,
0.0000 ,1.9297 ,0.0260 ,-9.9433 ,14.5592 ,-0.3332 ,1.9007 ,
1.0000 ,2.3931 ,0.0338 ,24.9147 ,21.2914 ,1.0081 ,2.1704 ,
2.0000 ,2.5838 ,0.0290 ,20.5731 ,11.9302 ,0.9080 ,2.4190 ,
3.0000 ,10.6288 ,1.0000 ,-24.8661 ,-25.4792 ,-4.4694 ,9.6434 ,
4.0000 ,15.0601 ,0.2235 ,-23.3369 ,-24.7701 ,-5.9659 ,13.8281 ,
0.0000 ,1.9306 ,0.0264 ,-11.3187 ,-15.8881 ,-0.3789 ,1.8930 ,
1.0000 ,2.3917 ,0.0361 ,24.2935 ,21.2914 ,0.9840 ,2.1799 ,
2.0000 ,2.5836 ,0.0305 ,21.1261 ,9.9740 ,0.9312 ,2.4099 ,
3.0000 ,10.6288 ,1.0000 ,-24.9005 ,-26.1905 ,-4.4752 ,9.6408 ,
4.0000 ,15.0601 ,0.2231 ,-23.5081 ,-21.2935 ,-6.0072 ,13.8102 ,
0.0000 ,2.3918 ,0.0359 ,24.5008 ,19.9235 ,0.9919 ,2.1765 ,
1.0000 ,2.5823 ,0.0299 ,21.2542 ,9.9721 ,0.9361 ,2.4067 ,
2.0000 ,3.9044 ,0.0266 ,16.2868 ,15.8881 ,1.0950 ,3.7477 ,
3.0000 ,10.6288 ,1.0000 ,-24.8033 ,-26.9062 ,-4.4588 ,9.6483 ,
4.0000 ,15.0603 ,0.2237 ,-23.2269 ,-20.6080 ,-5.9394 ,13.8397 ,
0.0000 ,1.9291 ,0.0276 ,-10.5148 ,13.9007 ,-0.3520 ,1.8967 ,
1.0000 ,2.3916 ,0.0353 ,24.3348 ,13.9007 ,0.9855 ,2.1791 ,
2.0000 ,2.5825 ,0.0297 ,20.0743 ,11.2767 ,0.8864 ,2.4256 ,
3.0000 ,10.6287 ,1.0000 ,-24.7689 ,-26.9062 ,-4.4530 ,9.6509 ,
4.0000 ,15.0600 ,0.2250 ,-23.2593 ,-24.0691 ,-5.9471 ,13.8360 ,
0.0000 ,2.3998 ,0.0339 ,25.6831 ,18.9346 ,1.0401 ,2.1627 ,
1.0000 ,2.5914 ,0.0298 ,18.1570 ,11.2767 ,0.8075 ,2.4624 ,
2.0000 ,2.7216 ,0.0279 ,-35.0981 ,8.0294 ,-1.5649 ,2.2267 ,
3.0000 ,10.6288 ,1.0000 ,-24.8361 ,-26.9040 ,-4.4643 ,9.6458 ,
4.0000 ,15.0602 ,0.2241 ,-23.5038 ,-21.2914 ,-6.0061 ,13.8107 ,
0.0000 ,2.3923 ,0.0352 ,24.3647 ,17.8953 ,0.9869 ,2.1792 ,
1.0000 ,2.5841 ,0.0300 ,19.7570 ,10.6227 ,0.8735 ,2.4320 ,
2.0000 ,10.6287 ,1.0000 ,-24.8104 ,-27.6242 ,-4.4600 ,9.6477 ,
3.0000 ,11.1614 ,0.0266 ,-25.9953 ,-28.3513 ,-4.8920 ,10.0322 ,
4.0000 ,15.0600 ,0.2249 ,-23.2776 ,-17.2239 ,-5.9515 ,13.8341 ,
0.0000 ,1.9295 ,0.0275 ,-10.6111 ,13.2421 ,-0.3553 ,1.8965 ,
1.0000 ,2.3927 ,0.0359 ,25.2577 ,17.8934 ,1.0209 ,2.1639 ,
2.0000 ,2.5825 ,0.0294 ,20.5106 ,12.5834 ,0.9049 ,2.4188 ,
3.0000 ,10.6288 ,1.0000 ,-24.8590 ,-27.6242 ,-4.4682 ,9.6440 ,
4.0000 ,15.0599 ,0.2239 ,-23.4190 ,-21.2935 ,-5.9856 ,13.8193 ,
0.0000 ,2.3913 ,0.0352 ,25.4431 ,19.9255 ,1.0273 ,2.1594 ,
1.0000 ,2.5809 ,0.0301 ,20.0964 ,8.0294 ,0.8868 ,2.4237 ,
2.0000 ,3.9163 ,0.0263 ,17.6389 ,15.2236 ,1.1867 ,3.7321 ,
3.0000 ,10.6288 ,1.0000 ,-24.8060 ,-25.4792 ,-4.4593 ,9.6481 ,
4.0000 ,15.0603 ,0.2221 ,-23.4147 ,-21.2935 ,-5.9847 ,13.8202 ,
0.0000 ,1.9311 ,0.0273 ,-12.3007 ,13.2421 ,-0.4114 ,1.8868 ,
1.0000 ,2.3921 ,0.0347 ,25.1252 ,21.2914 ,1.0157 ,2.1657 ,
2.0000 ,2.5785 ,0.0317 ,20.6631 ,9.9721 ,0.9099 ,2.4126 ,
3.0000 ,10.6287 ,1.0000 ,-24.9005 ,-26.1905 ,-4.4752 ,9.6407 ,
4.0000 ,15.0599 ,0.2232 ,-23.4925 ,-21.2914 ,-6.0033 ,13.8116 ,
0.0000 ,1.9288 ,0.0264 ,-10.2332 ,14.5611 ,-0.3427 ,1.8981 ,
1.0000 ,2.3942 ,0.0347 ,25.1066 ,19.2441 ,1.0159 ,2.1680 ,
2.0000 ,2.5796 ,0.0309 ,20.9143 ,9.9740 ,0.9208 ,2.4096 ,
3.0000 ,10.6287 ,1.0000 ,-24.8847 ,-26.9040 ,-4.4725 ,9.6419 ,
4.0000 ,15.0601 ,0.2220 ,-23.4147 ,-22.6742 ,-5.9846 ,13.8199 ,
0.0000 ,1.9308 ,0.0270 ,-11.1429 ,15.8881 ,-0.3731 ,1.8944 ,
1.0000 ,2.3930 ,0.0323 ,25.9489 ,21.2914 ,1.0471 ,2.1518 ,
2.0000 ,2.5848 ,0.0292 ,20.3293 ,9.3246 ,0.8980 ,2.4238 ,
3.0000 ,10.6287 ,1.0000 ,-24.8475 ,-26.1905 ,-4.4662 ,9.6448 ,
4.0000 ,15.0597 ,0.2256 ,-23.4741 ,-24.7701 ,-5.9988 ,13.8134 ,
0.0000 ,2.3948 ,0.0340 ,25.1252 ,21.2914 ,1.0168 ,2.1682 ,
1.0000 ,2.5804 ,0.0299 ,21.1415 ,11.2748 ,0.9307 ,2.4067 ,
2.0000 ,10.0939 ,0.0271 ,-28.0405 ,-28.3492 ,-4.7451 ,8.9091 ,
3.0000 ,10.6288 ,1.0000 ,-24.8104 ,-27.6242 ,-4.4600 ,9.6478 ,
4.0000 ,15.0602 ,0.2233 ,-23.4741 ,-19.9255 ,-5.9990 ,13.8138 ,
0.0000 ,1.9296 ,0.0263 ,-11.4642 ,-15.2216 ,-0.3835 ,1.8911 ,
1.0000 ,2.3939 ,0.0348 ,25.0722 ,21.2935 ,1.0144 ,2.1683 ,
2.0000 ,2.5810 ,0.0314 ,20.4815 ,10.6227 ,0.9031 ,2.4179 ,
3.0000 ,10.6288 ,1.0000 ,-24.8519 ,-25.9304 ,-4.4670 ,9.6446 ,
4.0000 ,15.0602 ,0.2236 ,-23.5222 ,-24.0670 ,-6.0106 ,13.8088 ,
0.0000 ,2.3929 ,0.0329 ,26.2176 ,23.3678 ,1.0571 ,2.1467 ,
1.0000 ,2.5808 ,0.0283 ,20.4456 ,11.2767 ,0.9015 ,2.4183 ,
2.0000 ,10.0949 ,0.0262 ,-26.7241 ,-28.3365 ,-4.5396 ,9.0166 ,
3.0000 ,10.6288 ,1.0000 ,-24.8776 ,-26.1905 ,-4.4713 ,9.6425 ,
4.0000 ,15.0602 ,0.2259 ,-23.4601 ,-23.3698 ,-5.9956 ,13.8153 ,

